0,0.0,0.0,-0.43548387096774194,0.024193548387096774,-0.8870967741935484,-0.2903225806451613,-1.0,-0.7338709677419355,-0.7903225806451613,-0.9032258064516129,-0.6935483870967742,-0.7016129032258065,-0.6935483870967742,-0.9596774193548387,-0.6451612903225806,-0.6370967741935484,-0.6451612903225806,-0.532258064516129,-0.43548387096774194,-0.7338709677419355,-0.45161290322580644,-0.9838709677419355,-0.41935483870967744,-0.5725806451612904,-0.4274193548387097,-0.4838709677419355,-0.1935483870967742,-0.75,-0.21774193548387097,-1.0,-0.20967741935483872,-0.5806451612903226,-0.1935483870967742,-0.4435483870967742,0.056451612903225805,-0.7661290322580645,0.0,-0.9193548387096774,0.0,-0.6129032258064516,0.016129032258064516,-0.5
0,0.0,0.0,-0.4444444444444444,0.015873015873015872,-0.9206349206349206,-0.36507936507936506,-1.0,-0.8015873015873016,-0.7698412698412699,-0.9444444444444444,-0.7063492063492064,-0.7301587301587301,-0.6587301587301587,-1.0,-0.626984126984127,-0.6984126984126984,-0.6507936507936508,-0.5793650793650794,-0.4365079365079365,-0.753968253968254,-0.4126984126984127,-0.9841269841269841,-0.373015873015873,-0.6111111111111112,-0.4126984126984127,-0.5158730158730159,-0.1984126984126984,-0.753968253968254,-0.16666666666666666,-0.9682539682539683,-0.14285714285714285,-0.5793650793650794,-0.1746031746031746,-0.4523809523809524,0.03968253968253968,-0.746031746031746,0.047619047619047616,-0.8968253968253969,0.07142857142857142,-0.6031746031746031,0.07142857142857142,-0.49206349206349204
0,0.0,0.0,-0.40298507462686567,-0.022388059701492536,-0.7910447761194029,-0.4253731343283582,-0.8134328358208955,-0.8283582089552238,-0.6119402985074627,-0.9776119402985075,-0.6194029850746269,-0.7238805970149254,-0.5223880597014925,-1.0,-0.5,-0.6940298507462687,-0.5373134328358209,-0.6119402985074627,-0.34328358208955223,-0.7089552238805971,-0.27611940298507465,-0.9701492537313433,-0.2835820895522388,-0.5895522388059702,-0.34328358208955223,-0.5223880597014925,-0.11194029850746269,-0.6865671641791045,-0.029850746268656716,-0.9402985074626866,-0.07462686567164178,-0.5447761194029851,-0.12686567164179105,-0.44776119402985076,0.13432835820895522,-0.6791044776119403,0.15671641791044777,-0.835820895522388,0.13432835820895522,-0.5447761194029851,0.11194029850746269,-0.4552238805970149
0,0.0,0.0,-0.3609022556390977,-0.08270676691729323,-0.6541353383458647,-0.48872180451127817,-0.6616541353383458,-0.8796992481203008,-0.5112781954887218,-1.0,-0.40601503759398494,-0.7669172932330827,-0.3007518796992481,-0.9924812030075187,-0.3458646616541353,-0.7142857142857143,-0.39097744360902253,-0.6390977443609023,-0.15789473684210525,-0.7142857142857143,-0.08270676691729323,-0.9172932330827067,-0.17293233082706766,-0.5789473684210527,-0.22556390977443608,-0.5338345864661654,0.05263157894736842,-0.6466165413533834,0.12781954887218044,-0.849624060150376,0.015037593984962405,-0.49624060150375937,-0.045112781954887216,-0.41353383458646614,0.2706766917293233,-0.5864661654135338,0.2932330827067669,-0.7443609022556391,0.21804511278195488,-0.47368421052631576,0.18796992481203006,-0.37593984962406013
0,0.0,0.0,-0.359375,-0.125,-0.625,-0.515625,-0.6484375,-0.875,-0.515625,-1.0,-0.3671875,-0.796875,-0.28125,-0.9921875,-0.328125,-0.7265625,-0.375,-0.6640625,-0.125,-0.75,-0.078125,-0.890625,-0.15625,-0.578125,-0.203125,-0.5546875,0.078125,-0.6796875,0.125,-0.796875,0.03125,-0.5,-0.0078125,-0.453125,0.296875,-0.6015625,0.3125,-0.7109375,0.2265625,-0.484375,0.203125,-0.40625
0,0.0,0.0,-0.3923076923076923,0.03076923076923077,-0.8307692307692308,-0.17692307692307693,-1.0,-0.47692307692307695,-0.9076923076923077,-0.6538461538461539,-0.7230769230769231,-0.5153846153846153,-0.7307692307692307,-0.7615384615384615,-0.6538461538461539,-0.5153846153846153,-0.6538461538461539,-0.3923076923076923,-0.49230769230769234,-0.5923076923076923,-0.5153846153846153,-0.7923076923076923,-0.4230769230769231,-0.46923076923076923,-0.4307692307692308,-0.3769230769230769,-0.27692307692307694,-0.6461538461538462,-0.3,-0.8538461538461538,-0.2230769230769231,-0.5153846153846153,-0.2153846153846154,-0.38461538461538464,-0.06153846153846154,-0.6846153846153846,-0.1076923076923077,-0.8461538461538461,-0.05384615384615385,-0.5923076923076923,-0.03076923076923077,-0.46153846153846156
0,0.0,0.0,-0.38345864661654133,0.06015037593984962,-0.8270676691729323,-0.14285714285714285,-1.0,-0.45112781954887216,-0.8872180451127819,-0.6165413533834586,-0.7518796992481203,-0.46616541353383456,-0.7894736842105263,-0.706766917293233,-0.6842105263157895,-0.46616541353383456,-0.6691729323308271,-0.3533834586466165,-0.5263157894736842,-0.556390977443609,-0.5639097744360902,-0.7593984962406015,-0.45112781954887216,-0.43609022556390975,-0.44360902255639095,-0.3458646616541353,-0.3082706766917293,-0.6240601503759399,-0.3533834586466165,-0.8270676691729323,-0.24812030075187969,-0.48872180451127817,-0.22556390977443608,-0.3609022556390977,-0.09022556390977443,-0.6766917293233082,-0.15037593984962405,-0.8345864661654135,-0.08270676691729323,-0.5939849624060151,-0.05263157894736842,-0.47368421052631576
0,0.0,0.0,-0.4435483870967742,0.024193548387096774,-0.8951612903225806,-0.3064516129032258,-1.0,-0.7258064516129032,-0.7741935483870968,-0.8951612903225806,-0.6693548387096774,-0.7016129032258065,-0.7016129032258065,-0.9274193548387096,-0.6532258064516129,-0.6129032258064516,-0.6290322580645161,-0.5161290322580645,-0.4032258064516129,-0.7419354838709677,-0.4435483870967742,-0.9516129032258065,-0.4112903225806452,-0.5483870967741935,-0.3870967741935484,-0.46774193548387094,-0.16129032258064516,-0.7419354838709677,-0.20161290322580644,-0.9435483870967742,-0.18548387096774194,-0.5403225806451613,-0.14516129032258066,-0.4112903225806452,0.0967741935483871,-0.7338709677419355,0.008064516129032258,-0.8870967741935484,0.008064516129032258,-0.5887096774193549,0.04838709677419355,-0.46774193548387094
0,0.0,0.0,-0.4233576642335766,0.021897810218978103,-0.8686131386861314,-0.27007299270072993,-1.0,-0.656934306569343,-0.8321167883211679,-0.8759124087591241,-0.6496350364963503,-0.6788321167883211,-0.6861313868613139,-0.8832116788321168,-0.656934306569343,-0.583941605839416,-0.635036496350365,-0.5036496350364964,-0.40145985401459855,-0.708029197080292,-0.45255474452554745,-0.9051094890510949,-0.4306569343065693,-0.5255474452554745,-0.39416058394160586,-0.45985401459854014,-0.1678832116788321,-0.708029197080292,-0.21897810218978103,-0.8978102189781022,-0.2116788321167883,-0.5109489051094891,-0.1678832116788321,-0.40875912408759124,0.08759124087591241,-0.7007299270072993,-0.014598540145985401,-0.8321167883211679,-0.029197080291970802,-0.5547445255474452,0.014598540145985401,-0.45255474452554745
0,0.0,0.0,-0.4014084507042254,0.04225352112676056,-0.8661971830985915,-0.2887323943661972,-1.0,-0.7112676056338029,-0.7816901408450704,-0.9084507042253521,-0.6408450704225352,-0.7253521126760564,-0.6830985915492958,-0.9507042253521126,-0.647887323943662,-0.6267605633802817,-0.6267605633802817,-0.5422535211267606,-0.38028169014084506,-0.7605633802816901,-0.44366197183098594,-0.9577464788732394,-0.4225352112676056,-0.5563380281690141,-0.39436619718309857,-0.5070422535211268,-0.14084507042253522,-0.7605633802816901,-0.2112676056338028,-0.9507042253521126,-0.2112676056338028,-0.5422535211267606,-0.176056338028169,-0.4507042253521127,0.11971830985915492,-0.7605633802816901,0.0,-0.8732394366197183,-0.014084507042253521,-0.5633802816901409,0.02112676056338028,-0.47183098591549294
0,0.0,0.0,-0.4013605442176871,0.034013605442176874,-0.8707482993197279,-0.30612244897959184,-1.0,-0.7346938775510204,-0.7755102040816326,-0.9183673469387755,-0.6326530612244898,-0.7482993197278912,-0.673469387755102,-0.9795918367346939,-0.6462585034013606,-0.6598639455782312,-0.6326530612244898,-0.5782312925170068,-0.3741496598639456,-0.782312925170068,-0.42857142857142855,-0.9727891156462585,-0.41496598639455784,-0.5714285714285714,-0.4013605442176871,-0.5306122448979592,-0.1360544217687075,-0.7755102040816326,-0.19047619047619047,-0.9523809523809523,-0.19047619047619047,-0.5510204081632653,-0.17687074829931973,-0.47619047619047616,0.12244897959183673,-0.7551020408163265,0.034013605442176874,-0.8843537414965986,0.013605442176870748,-0.5850340136054422,0.027210884353741496,-0.4897959183673469
0,0.0,0.0,-0.40522875816993464,-0.06535947712418301,-0.7843137254901961,-0.4444444444444444,-0.8169934640522876,-0.7908496732026143,-0.5490196078431373,-0.8627450980392157,-0.5947712418300654,-0.8104575163398693,-0.5228758169934641,-1.0,-0.49673202614379086,-0.6862745098039216,-0.5359477124183006,-0.6470588235294118,-0.32679738562091504,-0.8366013071895425,-0.23529411764705882,-0.9803921568627451,-0.24183006535947713,-0.5947712418300654,-0.30718954248366015,-0.5947712418300654,-0.0784313725490196,-0.8104575163398693,0.006535947712418301,-0.9150326797385621,-0.032679738562091505,-0.5490196078431373,-0.10457516339869281,-0.5424836601307189,0.17647058823529413,-0.7647058823529411,0.20261437908496732,-0.8366013071895425,0.16339869281045752,-0.5686274509803921,0.11764705882352941,-0.5228758169934641
0,0.0,0.0,-0.36585365853658536,-0.10365853658536585,-0.6829268292682927,-0.5060975609756098,-0.6707317073170732,-0.8475609756097561,-0.40853658536585363,-0.8658536585365854,-0.5,-0.8109756097560976,-0.35365853658536583,-1.0,-0.3719512195121951,-0.6951219512195121,-0.4573170731707317,-0.6829268292682927,-0.25,-0.8048780487804879,-0.10975609756097561,-0.9451219512195121,-0.15853658536585366,-0.573170731707317,-0.23780487804878048,-0.5914634146341463,-0.03048780487804878,-0.7682926829268293,0.10365853658536585,-0.8719512195121951,0.03048780487804878,-0.524390243902439,-0.04878048780487805,-0.524390243902439,0.20121951219512196,-0.7134146341463414,0.2682926829268293,-0.7987804878048781,0.21341463414634146,-0.5487804878048781,0.15853658536585366,-0.5121951219512195
0,0.0,0.0,-0.3393939393939394,-0.13333333333333333,-0.6181818181818182,-0.49696969696969695,-0.5878787878787879,-0.8424242424242424,-0.3090909090909091,-0.9272727272727272,-0.41818181818181815,-0.8242424242424242,-0.3151515151515151,-1.0,-0.3393939393939394,-0.703030303030303,-0.3878787878787879,-0.6848484848484848,-0.18181818181818182,-0.8,-0.05454545454545454,-0.9454545454545454,-0.12121212121212122,-0.5818181818181818,-0.18787878787878787,-0.593939393939394,0.03636363636363636,-0.7454545454545455,0.18181818181818182,-0.8727272727272727,0.07272727272727272,-0.5393939393939394,-0.006060606060606061,-0.5272727272727272,0.2606060606060606,-0.6666666666666666,0.3393939393939394,-0.7757575757575758,0.2545454545454545,-0.5393939393939394,0.18787878787878787,-0.49696969696969695
0,0.0,0.0,-0.42,-0.10666666666666667,-0.7466666666666667,-0.44666666666666666,-0.8,-0.8266666666666667,-0.6266666666666667,-0.96,-0.6066666666666667,-0.7466666666666667,-0.5266666666666666,-1.0,-0.49333333333333335,-0.7066666666666667,-0.5266666666666666,-0.6133333333333333,-0.35333333333333333,-0.74,-0.2733333333333333,-0.9866666666666667,-0.2866666666666667,-0.6133333333333333,-0.3466666666666667,-0.5466666666666666,-0.13333333333333333,-0.72,-0.04666666666666667,-0.9533333333333334,-0.08666666666666667,-0.5866666666666667,-0.15333333333333332,-0.48,0.09333333333333334,-0.6866666666666666,0.13333333333333333,-0.8533333333333334,0.1,-0.5933333333333334,0.06,-0.4866666666666667
0,0.0,0.0,-0.472,-0.112,-0.808,-0.424,-0.904,-0.784,-0.784,-0.92,-0.688,-0.68,-0.64,-1.0,-0.576,-0.736,-0.616,-0.592,-0.432,-0.704,-0.368,-0.968,-0.336,-0.624,-0.408,-0.504,-0.192,-0.712,-0.16,-0.968,-0.136,-0.592,-0.184,-0.44,0.048,-0.68,0.056,-0.912,0.056,-0.64,0.032,-0.48
0,0.0,0.0,-0.5263157894736842,-0.07894736842105263,-0.8947368421052632,-0.30701754385964913,-1.0,-0.631578947368421,-0.8421052631578947,-0.8070175438596491,-0.7368421052631579,-0.5701754385964912,-0.8333333333333334,-0.8070175438596491,-0.7631578947368421,-0.7192982456140351,-0.7280701754385965,-0.6578947368421053,-0.4649122807017544,-0.6578947368421053,-0.5175438596491229,-0.8245614035087719,-0.43859649122807015,-0.5964912280701754,-0.42105263157894735,-0.4824561403508772,-0.21052631578947367,-0.7105263157894737,-0.2631578947368421,-0.8508771929824561,-0.20175438596491227,-0.5789473684210527,-0.17543859649122806,-0.4298245614035088,0.08771929824561403,-0.7105263157894737,0.008771929824561403,-0.8421052631578947,0.017543859649122806,-0.6228070175438597,0.03508771929824561,-0.47368421052631576
0,0.0,0.0,-0.504424778761062,-0.035398230088495575,-0.9026548672566371,-0.2831858407079646,-1.0,-0.6106194690265486,-0.8495575221238938,-0.7964601769911505,-0.7522123893805309,-0.5663716814159292,-0.8495575221238938,-0.7699115044247787,-0.7522123893805309,-0.672566371681416,-0.672566371681416,-0.6017699115044248,-0.4778761061946903,-0.6814159292035398,-0.5132743362831859,-0.8053097345132744,-0.415929203539823,-0.6017699115044248,-0.35398230088495575,-0.48672566371681414,-0.20353982300884957,-0.7345132743362832,-0.25663716814159293,-0.8407079646017699,-0.18584070796460178,-0.6194690265486725,-0.1415929203539823,-0.4690265486725664,0.07964601769911504,-0.7433628318584071,0.0,-0.8849557522123894,0.017699115044247787,-0.6902654867256637,0.05309734513274336,-0.5486725663716814
0,0.0,0.0,-0.4957983193277311,-0.09243697478991597,-0.907563025210084,-0.3865546218487395,-1.0,-0.7478991596638656,-0.7899159663865546,-0.9243697478991597,-0.6218487394957983,-0.8403361344537815,-0.7058823529411765,-0.8907563025210085,-0.6554621848739496,-0.6218487394957983,-0.6134453781512605,-0.5966386554621849,-0.36134453781512604,-0.9243697478991597,-0.44537815126050423,-0.865546218487395,-0.3949579831932773,-0.5546218487394958,-0.33613445378151263,-0.5546218487394958,-0.1092436974789916,-0.9327731092436975,-0.18487394957983194,-0.865546218487395,-0.17647058823529413,-0.5546218487394958,-0.12605042016806722,-0.5210084033613446,0.16806722689075632,-0.8991596638655462,0.04201680672268908,-0.8907563025210085,0.01680672268907563,-0.6386554621848739,0.058823529411764705,-0.5630252100840336
0,0.0,0.0,-0.45454545454545453,-0.12878787878787878,-0.803030303030303,-0.42424242424242425,-0.8787878787878788,-0.7954545454545454,-0.6439393939393939,-0.946969696969697,-0.4772727272727273,-0.7803030303030303,-0.5227272727272727,-0.9848484848484849,-0.5454545454545454,-0.696969696969697,-0.5303030303030303,-0.5757575757575758,-0.23484848484848486,-0.7954545454545454,-0.2803030303030303,-0.9924242424242424,-0.32575757575757575,-0.6363636363636364,-0.29545454545454547,-0.5075757575757576,-0.007575757575757576,-0.7803030303030303,-0.06818181818181818,-1.0,-0.12121212121212122,-0.6287878787878788,-0.09090909090909091,-0.44696969696969696,0.24242424242424243,-0.7272727272727273,0.13636363636363635,-0.9242424242424242,0.06060606060606061,-0.6666666666666666,0.06818181818181818,-0.5
0,0.0,0.0,-0.42142857142857143,-0.09285714285714286,-0.7928571428571428,-0.42142857142857143,-0.8714285714285714,-0.8,-0.6642857142857143,-0.9928571428571429,-0.4928571428571429,-0.7857142857142857,-0.5357142857142857,-1.0,-0.55,-0.7,-0.5285714285714286,-0.5857142857142857,-0.25,-0.7928571428571428,-0.3,-0.9928571428571429,-0.32857142857142857,-0.6214285714285714,-0.29285714285714287,-0.5142857142857142,-0.014285714285714285,-0.7642857142857142,-0.07142857142857142,-0.9714285714285714,-0.12142857142857143,-0.5857142857142857,-0.08571428571428572,-0.44285714285714284,0.24285714285714285,-0.7071428571428572,0.14285714285714285,-0.8785714285714286,0.08571428571428572,-0.6,0.1,-0.4714285714285714
0,0.0,0.0,-0.4161490683229814,-0.062111801242236024,-0.8136645962732919,-0.37267080745341613,-0.9192546583850931,-0.7329192546583851,-0.7142857142857143,-0.9316770186335404,-0.4968944099378882,-0.8136645962732919,-0.6024844720496895,-1.0,-0.5900621118012422,-0.6770186335403726,-0.5403726708074534,-0.6024844720496895,-0.2484472049689441,-0.8198757763975155,-0.36645962732919257,-0.9813664596273292,-0.37267080745341613,-0.5900621118012422,-0.30434782608695654,-0.5403726708074534,-0.018633540372670808,-0.7950310559006211,-0.13664596273291926,-0.968944099378882,-0.16770186335403728,-0.5714285714285714,-0.09937888198757763,-0.4720496894409938,0.2360248447204969,-0.7453416149068323,0.08074534161490683,-0.8757763975155279,0.018633540372670808,-0.5962732919254659,0.062111801242236024,-0.4968944099378882
0,0.0,0.0,-0.4034090909090909,-0.0625,-0.8011363636363636,-0.3806818181818182,-0.9204545454545454,-0.7443181818181818,-0.7215909090909091,-0.9318181818181818,-0.5,-0.8125,-0.6079545454545454,-1.0,-0.5909090909090909,-0.6761363636363636,-0.5397727272727273,-0.6193181818181818,-0.26704545454545453,-0.8295454545454546,-0.3806818181818182,-0.9829545454545454,-0.3806818181818182,-0.5965909090909091,-0.3181818181818182,-0.5852272727272727,-0.03977272727272727,-0.8125,-0.1590909090909091,-0.9715909090909091,-0.18181818181818182,-0.5738636363636364,-0.11363636363636363,-0.5227272727272727,0.21022727272727273,-0.7670454545454546,0.0625,-0.8806818181818182,0.005681818181818182,-0.5965909090909091,0.05113636363636364,-0.5170454545454546
0,0.0,0.0,-0.3870967741935484,-0.04838709677419355,-0.7634408602150538,-0.3978494623655914,-0.8387096774193549,-0.7903225806451613,-0.6236559139784946,-0.956989247311828,-0.489247311827957,-0.8010752688172043,-0.532258064516129,-1.0,-0.543010752688172,-0.6935483870967742,-0.521505376344086,-0.6290322580645161,-0.24731182795698925,-0.8010752688172043,-0.3118279569892473,-0.9731182795698925,-0.3333333333333333,-0.5967741935483871,-0.2903225806451613,-0.553763440860215,-0.021505376344086023,-0.7741935483870968,-0.08602150537634409,-0.946236559139785,-0.12903225806451613,-0.5591397849462365,-0.0967741935483871,-0.478494623655914,0.22043010752688172,-0.7258064516129032,0.12365591397849462,-0.8494623655913979,0.06451612903225806,-0.5698924731182796,0.08064516129032258,-0.478494623655914
0,0.0,0.0,-0.42105263157894735,-0.10526315789473684,-0.7763157894736842,-0.40789473684210525,-0.8552631578947368,-0.7894736842105263,-0.618421052631579,-0.9342105263157895,-0.5263157894736842,-0.7631578947368421,-0.5526315789473685,-1.0,-0.5394736842105263,-0.7105263157894737,-0.5394736842105263,-0.6052631578947368,-0.2894736842105263,-0.7763157894736842,-0.32894736842105265,-0.9868421052631579,-0.34210526315789475,-0.631578947368421,-0.32894736842105265,-0.5131578947368421,-0.06578947368421052,-0.7631578947368421,-0.10526315789473684,-0.9868421052631579,-0.13157894736842105,-0.618421052631579,-0.13157894736842105,-0.4473684210526316,0.18421052631578946,-0.7105263157894737,0.10526315789473684,-0.881578947368421,0.05263157894736842,-0.631578947368421,0.05263157894736842,-0.4868421052631579
1,0.0,0.0,-0.23636363636363636,-0.10303030303030303,-0.4,-0.30303030303030304,-0.4666666666666667,-0.509090909090909,-0.503030303030303,-0.6666666666666666,-0.2909090909090909,-0.4909090909090909,-0.2909090909090909,-0.703030303030303,-0.26666666666666666,-0.8303030303030303,-0.24242424242424243,-0.9333333333333333,-0.1696969696969697,-0.5212121212121212,-0.1696969696969697,-0.7454545454545455,-0.15757575757575756,-0.8848484848484849,-0.14545454545454545,-1.0,-0.05454545454545454,-0.509090909090909,-0.05454545454545454,-0.7212121212121212,-0.048484848484848485,-0.8606060606060606,-0.048484848484848485,-0.9757575757575757,0.06060606060606061,-0.4666666666666667,0.06060606060606061,-0.6363636363636364,0.06060606060606061,-0.7515151515151515,0.05454545454545454,-0.8545454545454545
1,0.0,0.0,-0.23353293413173654,-0.11377245508982035,-0.39520958083832336,-0.32335329341317365,-0.4550898203592814,-0.5209580838323353,-0.49101796407185627,-0.6766467065868264,-0.2754491017964072,-0.5029940119760479,-0.2754491017964072,-0.718562874251497,-0.25748502994011974,-0.844311377245509,-0.23952095808383234,-0.9520958083832335,-0.1497005988023952,-0.5209580838323353,-0.1437125748502994,-0.7485029940119761,-0.12574850299401197,-0.8862275449101796,-0.11976047904191617,-1.0,-0.029940119760479042,-0.5029940119760479,-0.011976047904191617,-0.718562874251497,0.0,-0.8562874251497006,0.005988023952095809,-0.9640718562874252,0.08383233532934131,-0.46706586826347307,0.10778443113772455,-0.6347305389221557,0.11976047904191617,-0.7485029940119761,0.11976047904191617,-0.8502994011976048
1,0.0,0.0,-0.24293785310734464,-0.1016949152542373,-0.423728813559322,-0.2994350282485876,-0.5028248587570622,-0.5028248587570622,-0.5536723163841808,-0.6610169491525424,-0.3050847457627119,-0.4745762711864407,-0.3446327683615819,-0.6949152542372882,-0.3502824858757062,-0.8248587570621468,-0.3502824858757062,-0.9378531073446328,-0.1694915254237288,-0.5084745762711864,-0.1807909604519774,-0.7401129943502824,-0.1807909604519774,-0.8870056497175142,-0.1864406779661017,-1.0,-0.03954802259887006,-0.5028248587570622,-0.03954802259887006,-0.7288135593220338,-0.03954802259887006,-0.864406779661017,-0.04519774011299435,-0.9717514124293786,0.0847457627118644,-0.4745762711864407,0.096045197740113,-0.6497175141242938,0.1016949152542373,-0.768361581920904,0.096045197740113,-0.8700564971751412
1,0.0,0.0,-0.2422680412371134,-0.08247422680412371,-0.41237113402061853,-0.27319587628865977,-0.4793814432989691,-0.4690721649484536,-0.520618556701031,-0.6237113402061856,-0.29381443298969073,-0.4639175257731959,-0.30927835051546393,-0.6804123711340206,-0.29896907216494845,-0.8092783505154639,-0.28350515463917525,-0.9226804123711341,-0.17525773195876287,-0.5,-0.19072164948453607,-0.7319587628865979,-0.1958762886597938,-0.8762886597938144,-0.1958762886597938,-1.0,-0.06701030927835051,-0.5051546391752577,-0.07731958762886598,-0.7216494845360825,-0.08762886597938144,-0.8556701030927835,-0.09278350515463918,-0.9742268041237113,0.04639175257731959,-0.4896907216494845,0.03608247422680412,-0.6597938144329897,0.02577319587628866,-0.7731958762886598,0.010309278350515464,-0.8711340206185567
1,0.0,0.0,-0.22026431718061673,-0.07488986784140969,-0.34801762114537443,-0.2555066079295154,-0.3744493392070485,-0.44493392070484583,-0.4008810572687225,-0.5991189427312775,-0.2599118942731278,-0.4669603524229075,-0.2907488986784141,-0.6784140969162996,-0.2907488986784141,-0.8061674008810573,-0.28193832599118945,-0.920704845814978,-0.15859030837004406,-0.5022026431718062,-0.1894273127753304,-0.7400881057268722,-0.19823788546255505,-0.8810572687224669,-0.19823788546255505,-1.0,-0.06167400881057269,-0.5022026431718062,-0.0881057268722467,-0.7268722466960352,-0.10572687224669604,-0.8634361233480177,-0.11894273127753303,-0.9823788546255506,0.04405286343612335,-0.47577092511013214,0.01762114537444934,-0.6475770925110133,-0.004405286343612335,-0.762114537444934,-0.02643171806167401,-0.8590308370044053
1,0.0,0.0,-0.2235294117647059,-0.07450980392156863,-0.33725490196078434,-0.2627450980392157,-0.35294117647058826,-0.4549019607843137,-0.3843137254901961,-0.6078431372549019,-0.25882352941176473,-0.4549019607843137,-0.30196078431372547,-0.6627450980392157,-0.30980392156862746,-0.792156862745098,-0.3058823529411765,-0.9137254901960784,-0.16470588235294117,-0.4980392156862745,-0.20784313725490197,-0.7294117647058823,-0.2235294117647059,-0.8745098039215686,-0.23137254901960785,-1.0,-0.07058823529411765,-0.5019607843137255,-0.10980392156862745,-0.7254901960784313,-0.13725490196078433,-0.8627450980392157,-0.15294117647058825,-0.984313725490196,0.03137254901960784,-0.4823529411764706,0.0,-0.6549019607843137,-0.023529411764705882,-0.7647058823529411,-0.050980392156862744,-0.8666666666666667
1,0.0,0.0,-0.24696356275303644,-0.0931174089068826,-0.3522267206477733,-0.2874493927125506,-0.3481781376518219,-0.48582995951417,-0.3765182186234818,-0.6356275303643725,-0.25101214574898784,-0.47368421052631576,-0.2834008097165992,-0.680161943319838,-0.2793522267206478,-0.805668016194332,-0.26720647773279355,-0.9190283400809717,-0.14979757085020243,-0.5141700404858299,-0.17813765182186234,-0.7449392712550608,-0.1862348178137652,-0.8825910931174089,-0.18218623481781376,-1.0,-0.05263157894736842,-0.5182186234817814,-0.07692307692307693,-0.7368421052631579,-0.10121457489878542,-0.8663967611336032,-0.11336032388663968,-0.979757085020243,0.05668016194331984,-0.4939271255060729,0.02834008097165992,-0.6680161943319838,0.004048582995951417,-0.7773279352226721,-0.020242914979757085,-0.8704453441295547
1,0.0,0.0,-0.2231404958677686,-0.09917355371900827,-0.32644628099173556,-0.3181818181818182,-0.32231404958677684,-0.5165289256198347,-0.34297520661157027,-0.6611570247933884,-0.2396694214876033,-0.512396694214876,-0.256198347107438,-0.6983471074380165,-0.24793388429752067,-0.8223140495867769,-0.23140495867768596,-0.9338842975206612,-0.1322314049586777,-0.5413223140495868,-0.1487603305785124,-0.7520661157024794,-0.1487603305785124,-0.8842975206611571,-0.14049586776859505,-1.0,-0.0371900826446281,-0.5371900826446281,-0.049586776859504134,-0.7396694214876033,-0.05785123966942149,-0.8677685950413223,-0.06611570247933884,-0.9752066115702479,0.06611570247933884,-0.5041322314049587,0.049586776859504134,-0.6652892561983471,0.0371900826446281,-0.7727272727272727,0.024793388429752067,-0.8677685950413223
1,0.0,0.0,-0.20930232558139536,-0.10232558139534884,-0.30697674418604654,-0.3116279069767442,-0.3023255813953488,-0.5069767441860465,-0.31627906976744186,-0.6558139534883721,-0.23255813953488372,-0.4930232558139535,-0.25116279069767444,-0.6883720930232559,-0.24651162790697675,-0.8093023255813954,-0.23255813953488372,-0.9209302325581395,-0.13488372093023257,-0.5255813953488372,-0.15348837209302327,-0.7441860465116279,-0.15348837209302327,-0.8790697674418605,-0.14883720930232558,-1.0,-0.046511627906976744,-0.5209302325581395,-0.05581395348837209,-0.7255813953488373,-0.06511627906976744,-0.8558139534883721,-0.07441860465116279,-0.9674418604651163,0.05581395348837209,-0.4883720930232558,0.04186046511627907,-0.6511627906976745,0.03255813953488372,-0.7581395348837209,0.018604651162790697,-0.8511627906976744
1,0.0,0.0,-0.20652173913043478,-0.10326086956521739,-0.31521739130434784,-0.30434782608695654,-0.32065217391304346,-0.4945652173913043,-0.33695652173913043,-0.6467391304347826,-0.24456521739130435,-0.5,-0.2717391304347826,-0.6902173913043478,-0.2717391304347826,-0.8097826086956522,-0.266304347826087,-0.9239130434782609,-0.15217391304347827,-0.532608695652174,-0.17391304347826086,-0.7445652173913043,-0.1793478260869565,-0.8804347826086957,-0.18478260869565216,-1.0,-0.059782608695652176,-0.532608695652174,-0.07608695652173914,-0.7336956521739131,-0.08695652173913043,-0.8586956521739131,-0.09782608695652174,-0.9728260869565217,0.03804347826086957,-0.5,0.02717391304347826,-0.657608695652174,0.016304347826086956,-0.7608695652173914,0.0,-0.8532608695652174
1,0.0,0.0,-0.17142857142857143,-0.13714285714285715,-0.2342857142857143,-0.3485714285714286,-0.18857142857142858,-0.5257142857142857,-0.1657142857142857,-0.6685714285714286,-0.12571428571428572,-0.5257142857142857,-0.09714285714285714,-0.7314285714285714,-0.045714285714285714,-0.8514285714285714,0.011428571428571429,-0.9485714285714286,-0.017142857142857144,-0.5314285714285715,0.02857142857142857,-0.7542857142857143,0.06857142857142857,-0.8857142857142857,0.10857142857142857,-1.0,0.07428571428571429,-0.5028571428571429,0.12571428571428572,-0.7085714285714285,0.15428571428571428,-0.84,0.18285714285714286,-0.9485714285714286,0.16,-0.44571428571428573,0.2,-0.6114285714285714,0.22285714285714286,-0.72,0.2342857142857143,-0.8171428571428572
1,0.0,0.0,-0.15950920245398773,-0.17177914110429449,-0.1656441717791411,-0.3987730061349693,-0.0736196319018405,-0.5766871165644172,-0.024539877300613498,-0.7239263803680982,0.0,-0.5521472392638037,0.08588957055214724,-0.7607361963190185,0.15950920245398773,-0.8773006134969326,0.2331288343558282,-0.9754601226993865,0.11042944785276074,-0.5337423312883436,0.2147239263803681,-0.7607361963190185,0.2883435582822086,-0.8895705521472392,0.3558282208588957,-1.0,0.19631901840490798,-0.48466257668711654,0.3006134969325153,-0.6932515337423313,0.3619631901840491,-0.8282208588957055,0.4233128834355828,-0.9386503067484663,0.2822085889570552,-0.4049079754601227,0.3558282208588957,-0.5766871165644172,0.4049079754601227,-0.6871165644171779,0.44171779141104295,-0.7914110429447853
1,0.0,0.0,-0.18579234972677597,-0.12021857923497267,-0.29508196721311475,-0.3224043715846995,-0.3333333333333333,-0.4972677595628415,-0.3442622950819672,-0.644808743169399,-0.19672131147540983,-0.5027322404371585,-0.18579234972677597,-0.7049180327868853,-0.15846994535519127,-0.825136612021858,-0.12568306010928962,-0.9344262295081968,-0.08743169398907104,-0.5245901639344263,-0.07103825136612021,-0.7486338797814208,-0.04918032786885246,-0.8852459016393442,-0.03278688524590164,-1.0,0.01092896174863388,-0.5136612021857924,0.0273224043715847,-0.726775956284153,0.03825136612021858,-0.8579234972677595,0.04371584699453552,-0.9726775956284153,0.1092896174863388,-0.46994535519125685,0.12021857923497267,-0.6338797814207651,0.12021857923497267,-0.7431693989071039,0.11475409836065574,-0.8415300546448088
1,0.0,0.0,-0.2122905027932961,-0.09497206703910614,-0.37988826815642457,-0.2681564245810056,-0.48044692737430167,-0.43575418994413406,-0.5251396648044693,-0.5865921787709497,-0.2905027932960894,-0.4748603351955307,-0.329608938547486,-0.6871508379888268,-0.3407821229050279,-0.8156424581005587,-0.3463687150837989,-0.9273743016759777,-0.1787709497206704,-0.5139664804469274,-0.20670391061452514,-0.7374301675977654,-0.2122905027932961,-0.8770949720670391,-0.21787709497206703,-1.0,-0.07262569832402235,-0.5139664804469274,-0.08379888268156424,-0.7262569832402235,-0.0893854748603352,-0.8603351955307262,-0.1005586592178771,-0.9720670391061452,0.03910614525139665,-0.48044692737430167,0.03910614525139665,-0.6424581005586593,0.0446927374301676,-0.7541899441340782,0.03910614525139665,-0.8547486033519553
1,0.0,0.0,-0.2122905027932961,-0.08379888268156424,-0.39664804469273746,-0.24581005586592178,-0.5027932960893855,-0.40782122905027934,-0.5698324022346368,-0.547486033519553,-0.31843575418994413,-0.4692737430167598,-0.3854748603351955,-0.6703910614525139,-0.40782122905027934,-0.7988826815642458,-0.4245810055865922,-0.9162011173184358,-0.2011173184357542,-0.5139664804469274,-0.24022346368715083,-0.7374301675977654,-0.2569832402234637,-0.8770949720670391,-0.2681564245810056,-1.0,-0.0893854748603352,-0.5195530726256983,-0.11173184357541899,-0.7374301675977654,-0.12290502793296089,-0.8715083798882681,-0.13966480446927373,-0.9832402234636871,0.0223463687150838,-0.49162011173184356,0.0223463687150838,-0.659217877094972,0.0223463687150838,-0.770949720670391,0.0111731843575419,-0.8715083798882681
1,0.0,0.0,-0.2388888888888889,-0.044444444444444446,-0.43333333333333335,-0.2,-0.5666666666666667,-0.35,-0.6611111111111111,-0.4777777777777778,-0.34444444444444444,-0.4388888888888889,-0.43333333333333335,-0.6444444444444445,-0.4888888888888889,-0.7722222222222223,-0.5222222222222223,-0.8888888888888888,-0.23333333333333334,-0.5,-0.3111111111111111,-0.7333333333333333,-0.3611111111111111,-0.8777777777777778,-0.4,-1.0,-0.12222222222222222,-0.5222222222222223,-0.18888888888888888,-0.7444444444444445,-0.23333333333333334,-0.8833333333333333,-0.2777777777777778,-1.0,0.0,-0.5111111111111111,-0.044444444444444446,-0.6888888888888889,-0.08333333333333333,-0.8111111111111111,-0.12222222222222222,-0.9166666666666666
1,0.0,0.0,-0.22797927461139897,-0.05181347150259067,-0.38860103626943004,-0.22797927461139897,-0.47150259067357514,-0.39896373056994816,-0.5492227979274611,-0.5284974093264249,-0.27979274611398963,-0.46113989637305697,-0.33678756476683935,-0.6683937823834197,-0.3626943005181347,-0.7927461139896373,-0.38341968911917096,-0.9067357512953368,-0.17616580310880828,-0.5077720207253886,-0.22279792746113988,-0.7357512953367875,-0.2538860103626943,-0.8808290155440415,-0.27979274611398963,-1.0,-0.07253886010362694,-0.5233160621761658,-0.10880829015544041,-0.7357512953367875,-0.13471502590673576,-0.8756476683937824,-0.16580310880829016,-0.9896373056994818,0.04145077720207254,-0.5025906735751295,0.015544041450777202,-0.6735751295336787,-0.0051813471502590676,-0.7875647668393783,-0.03626943005181347,-0.8911917098445595
1,0.0,0.0,-0.21904761904761905,-0.08095238095238096,-0.3238095238095238,-0.2714285714285714,-0.3380952380952381,-0.45714285714285713,-0.3761904761904762,-0.5952380952380952,-0.22380952380952382,-0.4666666666666667,-0.2571428571428571,-0.6666666666666666,-0.2619047619047619,-0.7904761904761904,-0.2571428571428571,-0.9095238095238095,-0.12857142857142856,-0.5095238095238095,-0.15714285714285714,-0.7333333333333333,-0.1761904761904762,-0.8761904761904762,-0.18095238095238095,-1.0,-0.02857142857142857,-0.5142857142857142,-0.05714285714285714,-0.7285714285714285,-0.08095238095238096,-0.861904761904762,-0.1,-0.9809523809523809,0.0761904761904762,-0.49047619047619045,0.047619047619047616,-0.6619047619047619,0.023809523809523808,-0.7666666666666667,0.004761904761904762,-0.861904761904762
1,0.0,0.0,-0.2237442922374429,-0.0593607305936073,-0.3515981735159817,-0.2465753424657534,-0.3744292237442922,-0.4383561643835616,-0.4063926940639269,-0.5844748858447488,-0.2557077625570776,-0.4703196347031963,-0.2922374429223744,-0.6712328767123288,-0.3059360730593607,-0.7990867579908676,-0.3105022831050228,-0.9178082191780822,-0.1598173515981735,-0.5114155251141552,-0.2009132420091324,-0.7351598173515982,-0.2237442922374429,-0.8767123287671232,-0.2374429223744292,-1.0,-0.0639269406392694,-0.5159817351598174,-0.1050228310502283,-0.7351598173515982,-0.136986301369863,-0.867579908675799,-0.1552511415525114,-0.9817351598173516,0.0410958904109589,-0.4977168949771689,0.0,-0.6712328767123288,-0.0273972602739726,-0.7808219178082192,-0.0502283105022831,-0.8721461187214612
1,0.0,0.0,-0.2532188841201717,-0.04291845493562232,-0.39914163090128757,-0.22746781115879827,-0.44206008583690987,-0.4248927038626609,-0.5021459227467812,-0.575107296137339,-0.33905579399141633,-0.44635193133047213,-0.40772532188841204,-0.6394849785407726,-0.43776824034334766,-0.7682403433476395,-0.45493562231759654,-0.8927038626609443,-0.2446351931330472,-0.5021459227467812,-0.31759656652360513,-0.7296137339055794,-0.3605150214592275,-0.871244635193133,-0.3905579399141631,-1.0,-0.14163090128755365,-0.51931330472103,-0.2145922746781116,-0.7339055793991416,-0.26609442060085836,-0.8669527896995708,-0.3090128755364807,-0.9871244635193133,-0.030042918454935622,-0.5107296137339056,-0.09012875536480687,-0.6781115879828327,-0.13733905579399142,-0.7854077253218884,-0.18454935622317598,-0.8841201716738197
1,0.0,0.0,-0.23043478260869565,-0.05217391304347826,-0.3695652173913043,-0.24347826086956523,-0.40869565217391307,-0.43478260869565216,-0.46956521739130436,-0.5826086956521739,-0.3130434782608696,-0.4608695652173913,-0.3782608695652174,-0.6608695652173913,-0.4043478260869565,-0.782608695652174,-0.4217391304347826,-0.9,-0.21739130434782608,-0.5130434782608696,-0.28695652173913044,-0.7391304347826086,-0.3217391304347826,-0.8782608695652174,-0.3521739130434783,-1.0,-0.11739130434782609,-0.5260869565217391,-0.1782608695652174,-0.7434782608695653,-0.22608695652173913,-0.8695652173913043,-0.26521739130434785,-0.9826086956521739,-0.004347826086956522,-0.5173913043478261,-0.06086956521739131,-0.6826086956521739,-0.10434782608695652,-0.7869565217391304,-0.14347826086956522,-0.8826086956521739
1,0.0,0.0,-0.21074380165289255,-0.09504132231404959,-0.3181818181818182,-0.29338842975206614,-0.3305785123966942,-0.4834710743801653,-0.359504132231405,-0.628099173553719,-0.2396694214876033,-0.4834710743801653,-0.26859504132231404,-0.6735537190082644,-0.2727272727272727,-0.8016528925619835,-0.2644628099173554,-0.9173553719008265,-0.14049586776859505,-0.5247933884297521,-0.17355371900826447,-0.7396694214876033,-0.1859504132231405,-0.8760330578512396,-0.19834710743801653,-1.0,-0.045454545454545456,-0.5289256198347108,-0.07024793388429752,-0.7396694214876033,-0.09504132231404959,-0.8677685950413223,-0.11983471074380166,-0.9834710743801653,0.05785123966942149,-0.5041322314049587,0.03305785123966942,-0.6735537190082644,0.012396694214876033,-0.78099173553719,-0.008264462809917356,-0.8760330578512396
1,0.0,0.0,-0.2024793388429752,-0.11570247933884298,-0.2975206611570248,-0.3181818181818182,-0.2975206611570248,-0.5082644628099173,-0.30578512396694213,-0.6528925619834711,-0.2066115702479339,-0.5,-0.2231404958677686,-0.6942148760330579,-0.21487603305785125,-0.8140495867768595,-0.19834710743801653,-0.9256198347107438,-0.10743801652892562,-0.5330578512396694,-0.11983471074380166,-0.7479338842975206,-0.11983471074380166,-0.8801652892561983,-0.11570247933884298,-1.0,-0.01652892561983471,-0.5247933884297521,-0.024793388429752067,-0.731404958677686,-0.03305785123966942,-0.8553719008264463,-0.04132231404958678,-0.9669421487603306,0.08264462809917356,-0.49173553719008267,0.07024793388429752,-0.6528925619834711,0.06198347107438017,-0.756198347107438,0.05371900826446281,-0.8512396694214877
1,0.0,0.0,-0.19915254237288135,-0.13983050847457626,-0.2796610169491525,-0.3432203389830508,-0.2669491525423729,-0.5296610169491526,-0.2711864406779661,-0.6779661016949152,-0.18220338983050846,-0.5084745762711864,-0.1864406779661017,-0.7033898305084746,-0.1652542372881356,-0.8220338983050848,-0.13559322033898305,-0.9364406779661016,-0.08050847457627118,-0.5254237288135594,-0.07627118644067797,-0.7415254237288136,-0.06779661016949153,-0.8771186440677966,-0.05084745762711865,-1.0,0.01694915254237288,-0.5127118644067796,0.0211864406779661,-0.7203389830508474,0.025423728813559324,-0.8516949152542372,0.029661016949152543,-0.9661016949152542,0.11864406779661017,-0.4703389830508475,0.1228813559322034,-0.635593220338983,0.11864406779661017,-0.7457627118644068,0.11440677966101695,-0.8432203389830508
1,0.0,0.0,-0.205607476635514,-0.14018691588785046,-0.3130841121495327,-0.3644859813084112,-0.32242990654205606,-0.5654205607476636,-0.3177570093457944,-0.7149532710280374,-0.19158878504672897,-0.5093457943925234,-0.16822429906542055,-0.719626168224299,-0.1308411214953271,-0.8411214953271028,-0.09345794392523364,-0.9532710280373832,-0.07009345794392523,-0.5233644859813084,-0.04205607476635514,-0.7429906542056075,-0.014018691588785047,-0.883177570093458,0.014018691588785047,-1.0,0.03271028037383177,-0.5,0.06542056074766354,-0.705607476635514,0.08878504672897196,-0.8411214953271028,0.10747663551401869,-0.9532710280373832,0.14018691588785046,-0.4485981308411215,0.16355140186915887,-0.6074766355140186,0.17289719626168223,-0.719626168224299,0.1822429906542056,-0.8177570093457944
2,0.0,0.0,-0.30201342281879195,-0.026845637583892617,-0.5369127516778524,-0.1476510067114094,-0.7248322147651006,-0.19463087248322147,-0.8926174496644296,-0.24161073825503357,-0.37583892617449666,-0.5973154362416108,-0.6241610738255033,-0.697986577181208,-0.8120805369127517,-0.738255033557047,-0.9664429530201343,-0.7785234899328859,-0.3087248322147651,-0.6577181208053692,-0.6308724832214765,-0.7516778523489933,-0.8322147651006712,-0.7919463087248322,-1.0,-0.8120805369127517,-0.2684563758389262,-0.6778523489932886,-0.5973154362416108,-0.7785234899328859,-0.8120805369127517,-0.8187919463087249,-0.9798657718120806,-0.8389261744966443,-0.26174496644295303,-0.6711409395973155,-0.5369127516778524,-0.7651006711409396,-0.7181208053691275,-0.8187919463087249,-0.87248322147651,-0.8523489932885906
2,0.0,0.0,-0.3458646616541353,-0.03759398496240601,-0.5864661654135338,-0.16541353383458646,-0.7894736842105263,-0.22556390977443608,-0.9774436090225563,-0.2857142857142857,-0.3533834586466165,-0.6616541353383458,-0.6165413533834586,-0.7894736842105263,-0.8120300751879699,-0.8571428571428571,-0.9774436090225563,-0.9172932330827067,-0.2857142857142857,-0.7142857142857143,-0.6090225563909775,-0.8345864661654135,-0.8195488721804511,-0.9022556390977443,-1.0,-0.9624060150375939,-0.24060150375939848,-0.7368421052631579,-0.5639097744360902,-0.8721804511278195,-0.7894736842105263,-0.9398496240601504,-0.9699248120300752,-0.9849624060150376,-0.23308270676691728,-0.7218045112781954,-0.49624060150375937,-0.8571428571428571,-0.6766917293233082,-0.924812030075188,-0.8421052631578947,-0.9699248120300752
2,0.0,0.0,-0.3026315789473684,-0.02631578947368421,-0.48026315789473684,-0.16447368421052633,-0.6513157894736842,-0.25,-0.8092105263157895,-0.3223684210526316,-0.23684210526315788,-0.5263157894736842,-0.4276315789473684,-0.6907894736842105,-0.5789473684210527,-0.7828947368421053,-0.7105263157894737,-0.868421052631579,-0.17105263157894737,-0.5986842105263158,-0.40131578947368424,-0.7763157894736842,-0.5789473684210527,-0.8881578947368421,-0.7171052631578947,-0.9736842105263158,-0.11842105263157894,-0.6381578947368421,-0.35526315789473684,-0.8157894736842105,-0.5394736842105263,-0.9210526315789473,-0.6973684210526315,-1.0,-0.09868421052631579,-0.6578947368421053,-0.3157894736842105,-0.8157894736842105,-0.46710526315789475,-0.9013157894736842,-0.6052631578947368,-0.9671052631578947
2,0.0,0.0,-0.3006993006993007,0.0,-0.48951048951048953,-0.13286713286713286,-0.6713286713286714,-0.2097902097902098,-0.8461538461538461,-0.2727272727272727,-0.22377622377622378,-0.5454545454545454,-0.4405594405594406,-0.7062937062937062,-0.6293706293706294,-0.7902097902097902,-0.7832167832167832,-0.8601398601398601,-0.15384615384615385,-0.6223776223776224,-0.43356643356643354,-0.7972027972027972,-0.6363636363636364,-0.8881118881118881,-0.7902097902097902,-0.951048951048951,-0.1258741258741259,-0.6713286713286714,-0.40559440559440557,-0.8461538461538461,-0.6223776223776224,-0.9370629370629371,-0.7902097902097902,-1.0,-0.14685314685314685,-0.6993006993006993,-0.3986013986013986,-0.8531468531468531,-0.5664335664335665,-0.9300699300699301,-0.7132867132867133,-0.986013986013986
2,0.0,0.0,-0.2342857142857143,0.06285714285714286,-0.44571428571428573,0.022857142857142857,-0.6285714285714286,0.017142857142857144,-0.7942857142857143,0.022857142857142857,-0.42857142857142855,-0.35428571428571426,-0.6571428571428571,-0.4228571428571429,-0.8228571428571428,-0.44571428571428573,-0.9714285714285714,-0.45714285714285713,-0.3942857142857143,-0.42857142857142855,-0.6628571428571428,-0.49142857142857144,-0.8457142857142858,-0.5142857142857142,-1.0,-0.5314285714285715,-0.3485714285714286,-0.48,-0.6171428571428571,-0.5542857142857143,-0.8057142857142857,-0.5714285714285714,-0.9657142857142857,-0.5714285714285714,-0.3028571428571429,-0.5085714285714286,-0.5542857142857143,-0.5714285714285714,-0.72,-0.5885714285714285,-0.8628571428571429,-0.5942857142857143
2,0.0,0.0,-0.2288135593220339,0.07203389830508475,-0.4194915254237288,0.07203389830508475,-0.576271186440678,0.11440677966101695,-0.7288135593220338,0.15677966101694915,-0.4194915254237288,-0.3008474576271186,-0.6610169491525424,-0.2754237288135593,-0.826271186440678,-0.2330508474576271,-0.9661016949152542,-0.19915254237288135,-0.3940677966101695,-0.3644067796610169,-0.690677966101695,-0.3050847457627119,-0.864406779661017,-0.2584745762711864,-1.0,-0.21610169491525424,-0.3728813559322034,-0.3813559322033898,-0.6652542372881356,-0.3347457627118644,-0.8432203389830508,-0.288135593220339,-0.9830508474576272,-0.24152542372881355,-0.3728813559322034,-0.3516949152542373,-0.6228813559322034,-0.3305084745762712,-0.7669491525423728,-0.3050847457627119,-0.8898305084745762,-0.2838983050847458
2,0.0,0.0,-0.25630252100840334,0.0546218487394958,-0.4495798319327731,0.029411764705882353,-0.6092436974789915,0.058823529411764705,-0.7647058823529411,0.1092436974789916,-0.42016806722689076,-0.3487394957983193,-0.6680672268907563,-0.3403361344537815,-0.8277310924369747,-0.3067226890756303,-0.9621848739495799,-0.2857142857142857,-0.3907563025210084,-0.40756302521008403,-0.6932773109243697,-0.36134453781512604,-0.865546218487395,-0.3235294117647059,-1.0,-0.28991596638655465,-0.3739495798319328,-0.41596638655462187,-0.6680672268907563,-0.37815126050420167,-0.8403361344537815,-0.3445378151260504,-0.9789915966386554,-0.31092436974789917,-0.3865546218487395,-0.37815126050420167,-0.6218487394957983,-0.3739495798319328,-0.7605042016806722,-0.36134453781512604,-0.8739495798319328,-0.3445378151260504
2,0.0,0.0,-0.29473684210526313,-0.010526315789473684,-0.5157894736842106,-0.1,-0.7052631578947368,-0.11578947368421053,-0.8789473684210526,-0.11052631578947368,-0.3894736842105263,-0.5210526315789473,-0.6368421052631579,-0.5894736842105263,-0.8105263157894737,-0.6105263157894737,-0.968421052631579,-0.6210526315789474,-0.3368421052631579,-0.5736842105263158,-0.6421052631578947,-0.6263157894736842,-0.8315789473684211,-0.6526315789473685,-1.0,-0.6578947368421053,-0.3,-0.5894736842105263,-0.6105263157894737,-0.6473684210526316,-0.8157894736842105,-0.6684210526315789,-0.9894736842105263,-0.6736842105263158,-0.29473684210526313,-0.5736842105263158,-0.5578947368421052,-0.6368421052631579,-0.7210526315789474,-0.6631578947368421,-0.8736842105263158,-0.6789473684210526
2,0.0,0.0,-0.2832369942196532,-0.08670520231213873,-0.5202312138728323,-0.24855491329479767,-0.7109826589595376,-0.34104046242774566,-0.8728323699421965,-0.4277456647398844,-0.3352601156069364,-0.5606936416184971,-0.5086705202312138,-0.7341040462427746,-0.6473988439306358,-0.8265895953757225,-0.7745664739884393,-0.9017341040462428,-0.27167630057803466,-0.5953757225433526,-0.4682080924855491,-0.7861271676300579,-0.6184971098265896,-0.8959537572254336,-0.7572254335260116,-0.9826589595375722,-0.20809248554913296,-0.630057803468208,-0.4046242774566474,-0.815028901734104,-0.5664739884393064,-0.9248554913294798,-0.7109826589595376,-1.0,-0.15028901734104047,-0.6473988439306358,-0.3468208092485549,-0.8092485549132948,-0.4913294797687861,-0.9017341040462428,-0.6242774566473989,-0.9710982658959537
2,0.0,0.0,-0.26506024096385544,-0.07228915662650602,-0.4879518072289157,-0.2289156626506024,-0.6686746987951807,-0.3433734939759036,-0.8253012048192772,-0.4397590361445783,-0.29518072289156627,-0.5120481927710844,-0.4397590361445783,-0.6987951807228916,-0.5602409638554217,-0.8012048192771084,-0.6626506024096386,-0.8975903614457831,-0.22289156626506024,-0.5602409638554217,-0.39156626506024095,-0.7590361445783133,-0.5240963855421686,-0.8734939759036144,-0.6445783132530121,-0.9759036144578314,-0.13855421686746988,-0.6024096385542169,-0.3192771084337349,-0.7951807228915663,-0.46987951807228917,-0.9096385542168675,-0.5963855421686747,-1.0,-0.04819277108433735,-0.6325301204819277,-0.2289156626506024,-0.8072289156626506,-0.3614457831325301,-0.9036144578313253,-0.4819277108433735,-0.9819277108433735
2,0.0,0.0,-0.2654320987654321,-0.07407407407407407,-0.47530864197530864,-0.21604938271604937,-0.654320987654321,-0.3271604938271605,-0.7962962962962963,-0.43209876543209874,-0.2716049382716049,-0.48148148148148145,-0.3950617283950617,-0.6666666666666666,-0.5,-0.7777777777777778,-0.5925925925925926,-0.8703703703703703,-0.18518518518518517,-0.5308641975308642,-0.3333333333333333,-0.7283950617283951,-0.4506172839506173,-0.8580246913580247,-0.5679012345679012,-0.9691358024691358,-0.09259259259259259,-0.5617283950617284,-0.24691358024691357,-0.7654320987654321,-0.38271604938271603,-0.8950617283950617,-0.5061728395061729,-1.0,0.012345679012345678,-0.5925925925925926,-0.14814814814814814,-0.7654320987654321,-0.2716049382716049,-0.8765432098765432,-0.3888888888888889,-0.9629629629629629
2,0.0,0.0,-0.31343283582089554,-0.05223880597014925,-0.582089552238806,-0.1865671641791045,-0.7985074626865671,-0.23880597014925373,-1.0,-0.291044776119403,-0.41044776119402987,-0.582089552238806,-0.6343283582089553,-0.7164179104477612,-0.7985074626865671,-0.7761194029850746,-0.9402985074626866,-0.8283582089552238,-0.3208955223880597,-0.6343283582089553,-0.5970149253731343,-0.753731343283582,-0.7686567164179104,-0.8208955223880597,-0.9328358208955224,-0.8731343283582089,-0.22388059701492538,-0.6567164179104478,-0.5074626865671642,-0.7761194029850746,-0.7014925373134329,-0.8432835820895522,-0.8731343283582089,-0.8880597014925373,-0.14925373134328357,-0.6567164179104478,-0.417910447761194,-0.7611940298507462,-0.6044776119402985,-0.8208955223880597,-0.7611940298507462,-0.8731343283582089
2,0.0,0.0,-0.3252032520325203,-0.032520325203252036,-0.5853658536585366,-0.13008130081300814,-0.8130081300813008,-0.18699186991869918,-1.0,-0.24390243902439024,-0.42276422764227645,-0.5447154471544715,-0.6504065040650406,-0.6991869918699187,-0.8048780487804879,-0.7804878048780488,-0.943089430894309,-0.8455284552845529,-0.34146341463414637,-0.6016260162601627,-0.5934959349593496,-0.7642276422764228,-0.7642276422764228,-0.8536585365853658,-0.926829268292683,-0.9186991869918699,-0.25203252032520324,-0.6341463414634146,-0.4959349593495935,-0.8048780487804879,-0.6910569105691057,-0.8943089430894309,-0.8617886178861789,-0.959349593495935,-0.16260162601626016,-0.6585365853658537,-0.4146341463414634,-0.7967479674796748,-0.5934959349593496,-0.8699186991869918,-0.7479674796747967,-0.926829268292683
2,0.0,0.0,-0.2857142857142857,0.015037593984962405,-0.5413533834586466,-0.05263157894736842,-0.7518796992481203,-0.07518796992481203,-0.9398496240601504,-0.10526315789473684,-0.45864661654135336,-0.48120300751879697,-0.6917293233082706,-0.5939849624060151,-0.8571428571428571,-0.631578947368421,-1.0,-0.6616541353383458,-0.39849624060150374,-0.5488721804511278,-0.6616541353383458,-0.6541353383458647,-0.8421052631578947,-0.706766917293233,-1.0,-0.7368421052631579,-0.3157894736842105,-0.5939849624060151,-0.5864661654135338,-0.6992481203007519,-0.7744360902255639,-0.7443609022556391,-0.9473684210526315,-0.7593984962406015,-0.24060150375939848,-0.6165413533834586,-0.48872180451127817,-0.6917293233082706,-0.6691729323308271,-0.7218045112781954,-0.8345864661654135,-0.7293233082706767
2,0.0,0.0,-0.26618705035971224,0.02158273381294964,-0.5107913669064749,-0.04316546762589928,-0.7122302158273381,-0.06474820143884892,-0.8992805755395683,-0.07194244604316546,-0.43884892086330934,-0.45323741007194246,-0.6690647482014388,-0.539568345323741,-0.841726618705036,-0.5755395683453237,-0.9856115107913669,-0.5971223021582733,-0.38848920863309355,-0.5107913669064749,-0.6474820143884892,-0.60431654676259,-0.8345323741007195,-0.6474820143884892,-1.0,-0.6762589928057554,-0.3237410071942446,-0.5539568345323741,-0.5899280575539568,-0.6546762589928058,-0.7913669064748201,-0.6906474820143885,-0.9640287769784173,-0.7050359712230215,-0.2589928057553957,-0.5899280575539568,-0.5035971223021583,-0.6690647482014388,-0.6762589928057554,-0.7050359712230215,-0.8345323741007195,-0.7266187050359713
2,0.0,0.0,-0.3007518796992481,-0.022556390977443608,-0.556390977443609,-0.15037593984962405,-0.7669172932330827,-0.22556390977443608,-0.9624060150375939,-0.2781954887218045,-0.3533834586466165,-0.6165413533834586,-0.5864661654135338,-0.7443609022556391,-0.7969924812030075,-0.8345864661654135,-0.9624060150375939,-0.9022556390977443,-0.2857142857142857,-0.6691729323308271,-0.5789473684210527,-0.8195488721804511,-0.7894736842105263,-0.9022556390977443,-0.9699248120300752,-0.9699248120300752,-0.22556390977443608,-0.7142857142857143,-0.5338345864661654,-0.8571428571428571,-0.7593984962406015,-0.9398496240601504,-0.9548872180451128,-1.0,-0.18045112781954886,-0.7293233082706767,-0.47368421052631576,-0.8571428571428571,-0.6691729323308271,-0.9323308270676691,-0.8421052631578947,-0.9924812030075187
2,0.0,0.0,-0.32653061224489793,-0.027210884353741496,-0.5510204081632653,-0.17687074829931973,-0.7551020408163265,-0.24489795918367346,-0.9591836734693877,-0.2857142857142857,-0.32653061224489793,-0.6462585034013606,-0.5918367346938775,-0.7687074829931972,-0.8027210884353742,-0.8367346938775511,-0.9795918367346939,-0.8979591836734694,-0.2585034013605442,-0.7074829931972789,-0.5918367346938775,-0.8367346938775511,-0.8163265306122449,-0.8979591836734694,-1.0,-0.9455782312925171,-0.2108843537414966,-0.7414965986394558,-0.5578231292517006,-0.8639455782312925,-0.7959183673469388,-0.9251700680272109,-1.0,-0.9659863945578231,-0.2108843537414966,-0.7346938775510204,-0.5170068027210885,-0.8435374149659864,-0.7210884353741497,-0.9047619047619048,-0.891156462585034,-0.9455782312925171
2,0.0,0.0,-0.34444444444444444,-0.044444444444444446,-0.55,-0.16111111111111112,-0.7277777777777777,-0.21666666666666667,-0.9166666666666666,-0.25555555555555554,-0.28888888888888886,-0.6111111111111112,-0.5722222222222222,-0.7222222222222222,-0.7722222222222223,-0.7555555555555555,-0.95,-0.7888888888888889,-0.22777777777777777,-0.6722222222222223,-0.5888888888888889,-0.7666666666666667,-0.8166666666666667,-0.8055555555555556,-0.9944444444444445,-0.8166666666666667,-0.21666666666666667,-0.6888888888888889,-0.5833333333333334,-0.7833333333333333,-0.8111111111111111,-0.8166666666666667,-1.0,-0.8388888888888889,-0.26666666666666666,-0.6611111111111111,-0.5666666666666667,-0.7555555555555555,-0.7444444444444445,-0.7888888888888889,-0.8944444444444445,-0.8222222222222222
2,0.0,0.0,-0.31443298969072164,-0.07216494845360824,-0.5824742268041238,-0.24742268041237114,-0.788659793814433,-0.3247422680412371,-0.9742268041237113,-0.4020618556701031,-0.4072164948453608,-0.6288659793814433,-0.6237113402061856,-0.7835051546391752,-0.7783505154639175,-0.8556701030927835,-0.9226804123711341,-0.9175257731958762,-0.32989690721649484,-0.6752577319587629,-0.5876288659793815,-0.8350515463917526,-0.7628865979381443,-0.9175257731958762,-0.9226804123711341,-0.979381443298969,-0.25257731958762886,-0.7010309278350515,-0.520618556701031,-0.8608247422680413,-0.7164948453608248,-0.9432989690721649,-0.8865979381443299,-1.0,-0.19072164948453607,-0.7010309278350515,-0.4381443298969072,-0.845360824742268,-0.6082474226804123,-0.9226804123711341,-0.7577319587628866,-0.979381443298969
2,0.0,0.0,-0.29577464788732394,-0.035211267605633804,-0.5704225352112676,-0.15492957746478872,-0.7887323943661971,-0.20422535211267606,-0.9859154929577465,-0.2323943661971831,-0.4859154929577465,-0.5492957746478874,-0.704225352112676,-0.676056338028169,-0.8591549295774648,-0.7323943661971831,-1.0,-0.7816901408450704,-0.4154929577464789,-0.6056338028169014,-0.6690140845070423,-0.7323943661971831,-0.8380281690140845,-0.795774647887324,-1.0,-0.8380281690140845,-0.33098591549295775,-0.6408450704225352,-0.5985915492957746,-0.7676056338028169,-0.7816901408450704,-0.823943661971831,-0.9577464788732394,-0.8661971830985915,-0.24647887323943662,-0.6619718309859155,-0.49295774647887325,-0.7746478873239436,-0.6619718309859155,-0.8309859154929577,-0.8098591549295775,-0.8732394366197183
2,0.0,0.0,-0.2868217054263566,0.0,-0.5348837209302325,-0.046511627906976744,-0.7364341085271318,-0.031007751937984496,-0.9147286821705426,-0.007751937984496124,-0.4418604651162791,-0.49612403100775193,-0.6821705426356589,-0.5116279069767442,-0.8527131782945736,-0.5038759689922481,-1.0,-0.4728682170542636,-0.3798449612403101,-0.5426356589147286,-0.6821705426356589,-0.5426356589147286,-0.8527131782945736,-0.5116279069767442,-1.0,-0.4728682170542636,-0.32558139534883723,-0.5348837209302325,-0.6201550387596899,-0.5426356589147286,-0.8062015503875969,-0.5193798449612403,-0.9534883720930233,-0.4806201550387597,-0.29457364341085274,-0.4883720930232558,-0.5271317829457365,-0.5038759689922481,-0.689922480620155,-0.5038759689922481,-0.8217054263565892,-0.4883720930232558
2,0.0,0.0,-0.26785714285714285,0.0,-0.49107142857142855,-0.08035714285714286,-0.6785714285714286,-0.11607142857142858,-0.8571428571428571,-0.13392857142857142,-0.3482142857142857,-0.5357142857142857,-0.48214285714285715,-0.7232142857142857,-0.6071428571428571,-0.8125,-0.7321428571428571,-0.8660714285714286,-0.2857142857142857,-0.5982142857142857,-0.44642857142857145,-0.8125,-0.5982142857142857,-0.8928571428571429,-0.7321428571428571,-0.9375,-0.21428571428571427,-0.6428571428571429,-0.375,-0.8660714285714286,-0.5267857142857143,-0.9375,-0.6696428571428571,-0.9732142857142857,-0.14285714285714285,-0.6607142857142857,-0.26785714285714285,-0.8660714285714286,-0.4107142857142857,-0.9553571428571429,-0.5357142857142857,-1.0
2,0.0,0.0,-0.2627118644067797,0.01694915254237288,-0.4661016949152542,-0.06779661016949153,-0.635593220338983,-0.09322033898305085,-0.788135593220339,-0.1016949152542373,-0.3389830508474576,-0.5254237288135594,-0.4745762711864407,-0.7203389830508474,-0.6016949152542372,-0.8135593220338984,-0.711864406779661,-0.8813559322033898,-0.2796610169491525,-0.5847457627118644,-0.4491525423728814,-0.788135593220339,-0.5932203389830508,-0.8898305084745762,-0.7203389830508474,-0.9576271186440678,-0.22033898305084745,-0.6271186440677966,-0.3728813559322034,-0.8389830508474576,-0.5254237288135594,-0.9322033898305084,-0.6610169491525424,-0.9830508474576272,-0.15254237288135594,-0.6440677966101694,-0.2796610169491525,-0.8389830508474576,-0.4067796610169492,-0.940677966101695,-0.5338983050847458,-1.0
2,0.0,0.0,-0.3090909090909091,0.00909090909090909,-0.5636363636363636,-0.11818181818181818,-0.7818181818181819,-0.2,-0.9818181818181818,-0.2636363636363636,-0.41818181818181815,-0.5363636363636364,-0.6545454545454545,-0.6636363636363637,-0.8363636363636363,-0.7090909090909091,-1.0,-0.7454545454545455,-0.35454545454545455,-0.6181818181818182,-0.6272727272727273,-0.7545454545454545,-0.8272727272727273,-0.8,-1.0,-0.8181818181818182,-0.2727272727272727,-0.6636363636363637,-0.5545454545454546,-0.8272727272727273,-0.7727272727272727,-0.8636363636363636,-0.9545454545454546,-0.8636363636363636,-0.20909090909090908,-0.6909090909090909,-0.4727272727272727,-0.8363636363636363,-0.6636363636363637,-0.8727272727272727,-0.8363636363636363,-0.8818181818181818
2,0.0,0.0,-0.2857142857142857,0.04285714285714286,-0.44285714285714284,-0.04285714285714286,-0.5928571428571429,-0.06428571428571428,-0.75,-0.08571428571428572,-0.25,-0.5214285714285715,-0.5571428571428572,-0.5428571428571428,-0.75,-0.5142857142857142,-0.9,-0.4928571428571429,-0.22857142857142856,-0.5928571428571429,-0.5928571428571429,-0.6142857142857143,-0.8071428571428572,-0.5785714285714286,-0.9642857142857143,-0.5285714285714286,-0.25,-0.6071428571428571,-0.6214285714285714,-0.6285714285714286,-0.8357142857142857,-0.5857142857142857,-1.0,-0.5357142857142857,-0.3357142857142857,-0.5785714285714286,-0.6428571428571429,-0.5928571428571429,-0.8071428571428572,-0.5642857142857143,-0.95,-0.5285714285714286
3,0.0,0.0,-0.2048780487804878,-0.06341463414634146,-0.33170731707317075,-0.28780487804878047,-0.3024390243902439,-0.5073170731707317,-0.24390243902439024,-0.6536585365853659,-0.28292682926829266,-0.4975609756097561,-0.3073170731707317,-0.7268292682926829,-0.2975609756097561,-0.8682926829268293,-0.2780487804878049,-1.0,-0.15121951219512195,-0.47317073170731705,-0.11707317073170732,-0.624390243902439,-0.14146341463414633,-0.424390243902439,-0.16097560975609757,-0.33170731707317075,-0.02926829268292683,-0.43414634146341463,0.00975609756097561,-0.5414634146341464,-0.03902439024390244,-0.33658536585365856,-0.05853658536585366,-0.25853658536585367,0.09268292682926829,-0.375609756097561,0.1073170731707317,-0.45365853658536587,0.06829268292682927,-0.3170731707317073,0.04390243902439024,-0.25365853658536586
3,0.0,0.0,-0.20100502512562815,-0.07035175879396985,-0.32160804020100503,-0.2914572864321608,-0.2964824120603015,-0.5025125628140703,-0.23115577889447236,-0.6381909547738693,-0.2613065326633166,-0.5175879396984925,-0.2663316582914573,-0.7487437185929648,-0.24120603015075376,-0.8793969849246231,-0.21105527638190955,-1.0,-0.1306532663316583,-0.48743718592964824,-0.09547738693467336,-0.6130653266331658,-0.12562814070351758,-0.4271356783919598,-0.1457286432160804,-0.3417085427135678,-0.005025125628140704,-0.44221105527638194,0.020100502512562814,-0.5175879396984925,-0.020100502512562814,-0.3316582914572864,-0.035175879396984924,-0.2663316582914573,0.11055276381909548,-0.3768844221105528,0.12562814070351758,-0.44221105527638194,0.08542713567839195,-0.31155778894472363,0.06532663316582915,-0.2562814070351759
3,0.0,0.0,-0.20512820512820512,-0.046153846153846156,-0.3487179487179487,-0.26153846153846155,-0.3487179487179487,-0.47692307692307695,-0.3076923076923077,-0.6205128205128205,-0.30256410256410254,-0.49743589743589745,-0.3435897435897436,-0.7282051282051282,-0.35384615384615387,-0.8666666666666667,-0.3435897435897436,-1.0,-0.1641025641025641,-0.48205128205128206,-0.17435897435897435,-0.6102564102564103,-0.18461538461538463,-0.41025641025641024,-0.17435897435897435,-0.3282051282051282,-0.035897435897435895,-0.441025641025641,-0.046153846153846156,-0.5333333333333333,-0.07179487179487179,-0.3282051282051282,-0.07179487179487179,-0.2564102564102564,0.09230769230769231,-0.37948717948717947,0.07179487179487179,-0.4512820512820513,0.035897435897435895,-0.3076923076923077,0.02564102564102564,-0.24102564102564103
3,0.0,0.0,-0.2198952879581152,-0.03664921465968586,-0.39267015706806285,-0.24083769633507854,-0.418848167539267,-0.4712041884816754,-0.39790575916230364,-0.6387434554973822,-0.3717277486910995,-0.47643979057591623,-0.4607329842931937,-0.7120418848167539,-0.5026178010471204,-0.8586387434554974,-0.518324607329843,-1.0,-0.225130890052356,-0.4816753926701571,-0.2617801047120419,-0.6282722513089005,-0.24083769633507854,-0.4083769633507853,-0.2198952879581152,-0.3089005235602094,-0.08376963350785341,-0.4607329842931937,-0.11518324607329843,-0.5654450261780105,-0.11518324607329843,-0.3403141361256545,-0.09424083769633508,-0.2513089005235602,0.05759162303664921,-0.42408376963350786,0.020942408376963352,-0.5026178010471204,0.0,-0.34554973821989526,0.0,-0.27225130890052357
3,0.0,0.0,-0.23684210526315788,-0.010526315789473684,-0.41578947368421054,-0.20526315789473684,-0.45263157894736844,-0.43157894736842106,-0.4473684210526316,-0.5842105263157895,-0.3736842105263158,-0.45789473684210524,-0.45263157894736844,-0.7105263157894737,-0.48947368421052634,-0.8631578947368421,-0.5052631578947369,-1.0,-0.23684210526315788,-0.46842105263157896,-0.3105263157894737,-0.6157894736842106,-0.29473684210526313,-0.4105263157894737,-0.25263157894736843,-0.2894736842105263,-0.1,-0.4473684210526316,-0.16842105263157894,-0.5736842105263158,-0.1631578947368421,-0.3473684210526316,-0.12631578947368421,-0.23684210526315788,0.042105263157894736,-0.42105263157894735,-0.02631578947368421,-0.5052631578947369,-0.04736842105263158,-0.3473684210526316,-0.02631578947368421,-0.2631578947368421
3,0.0,0.0,-0.22065727699530516,-0.023474178403755867,-0.38497652582159625,-0.23943661971830985,-0.4084507042253521,-0.4647887323943662,-0.39906103286384975,-0.6197183098591549,-0.3051643192488263,-0.49295774647887325,-0.36619718309859156,-0.7276995305164319,-0.39436619718309857,-0.8685446009389671,-0.40375586854460094,-1.0,-0.17370892018779344,-0.48826291079812206,-0.26291079812206575,-0.6009389671361502,-0.24882629107981222,-0.38028169014084506,-0.20187793427230047,-0.29577464788732394,-0.04225352112676056,-0.4647887323943662,-0.13145539906103287,-0.5446009389671361,-0.1267605633802817,-0.323943661971831,-0.08450704225352113,-0.2535211267605634,0.09389671361502347,-0.4225352112676056,0.0,-0.48826291079812206,-0.028169014084507043,-0.3286384976525822,-0.004694835680751174,-0.25821596244131456
3,0.0,0.0,-0.20434782608695654,-0.05217391304347826,-0.3347826086956522,-0.27391304347826084,-0.32608695652173914,-0.4826086956521739,-0.2826086956521739,-0.6130434782608696,-0.23043478260869565,-0.508695652173913,-0.24347826086956523,-0.7391304347826086,-0.2391304347826087,-0.8739130434782608,-0.2217391304347826,-1.0,-0.10434782608695652,-0.49130434782608695,-0.15217391304347827,-0.5956521739130435,-0.1782608695652174,-0.40869565217391307,-0.1565217391304348,-0.3217391304347826,0.017391304347826087,-0.44782608695652176,-0.034782608695652174,-0.5304347826086957,-0.0782608695652174,-0.3347826086956522,-0.05652173913043478,-0.2565217391304348,0.1391304347826087,-0.3869565217391304,0.07391304347826087,-0.4608695652173913,0.021739130434782608,-0.3173913043478261,0.02608695652173913,-0.24782608695652175
3,0.0,0.0,-0.19915254237288135,-0.07203389830508475,-0.3093220338983051,-0.2923728813559322,-0.2923728813559322,-0.4957627118644068,-0.24152542372881355,-0.6271186440677966,-0.211864406779661,-0.5127118644067796,-0.21610169491525424,-0.7372881355932204,-0.2033898305084746,-0.8771186440677966,-0.18220338983050846,-1.0,-0.08898305084745763,-0.4788135593220339,-0.09745762711864407,-0.6059322033898306,-0.13135593220338984,-0.4194915254237288,-0.13559322033898305,-0.3177966101694915,0.029661016949152543,-0.4279661016949153,0.0211864406779661,-0.5254237288135594,-0.029661016949152543,-0.3305084745762712,-0.03389830508474576,-0.2457627118644068,0.1483050847457627,-0.3601694915254237,0.1271186440677966,-0.4449152542372881,0.07203389830508475,-0.3093220338983051,0.05508474576271186,-0.23728813559322035
3,0.0,0.0,-0.2168141592920354,-0.07964601769911504,-0.33185840707964603,-0.3008849557522124,-0.3053097345132743,-0.504424778761062,-0.24778761061946902,-0.6327433628318584,-0.2610619469026549,-0.5088495575221239,-0.26548672566371684,-0.7389380530973452,-0.24778761061946902,-0.8761061946902655,-0.22566371681415928,-1.0,-0.13274336283185842,-0.4823008849557522,-0.10176991150442478,-0.6106194690265486,-0.13716814159292035,-0.43805309734513276,-0.16371681415929204,-0.3407079646017699,-0.008849557522123894,-0.4336283185840708,0.017699115044247787,-0.5221238938053098,-0.030973451327433628,-0.3407079646017699,-0.05309734513274336,-0.25663716814159293,0.11061946902654868,-0.3672566371681416,0.11946902654867257,-0.42920353982300885,0.07964601769911504,-0.3008849557522124,0.05752212389380531,-0.23893805309734514
3,0.0,0.0,-0.21875,-0.10267857142857142,-0.32589285714285715,-0.3392857142857143,-0.27232142857142855,-0.5491071428571429,-0.16964285714285715,-0.6696428571428571,-0.25,-0.53125,-0.23660714285714285,-0.7455357142857143,-0.20089285714285715,-0.8839285714285714,-0.16071428571428573,-1.0,-0.11607142857142858,-0.49107142857142855,-0.04017857142857143,-0.6071428571428571,-0.08928571428571429,-0.42857142857142855,-0.13839285714285715,-0.33482142857142855,0.013392857142857142,-0.4330357142857143,0.08035714285714286,-0.5133928571428571,0.013392857142857142,-0.33035714285714285,-0.03125,-0.25892857142857145,0.13392857142857142,-0.35714285714285715,0.17857142857142858,-0.41964285714285715,0.125,-0.29464285714285715,0.08928571428571429,-0.24107142857142858
3,0.0,0.0,-0.19736842105263158,-0.10087719298245613,-0.2894736842105263,-0.34210526315789475,-0.2236842105263158,-0.5526315789473685,-0.12719298245614036,-0.6754385964912281,-0.2149122807017544,-0.5307017543859649,-0.19298245614035087,-0.7543859649122807,-0.15789473684210525,-0.8771929824561403,-0.10964912280701754,-1.0,-0.07894736842105263,-0.49122807017543857,-0.008771929824561403,-0.6403508771929824,-0.06140350877192982,-0.44298245614035087,-0.10087719298245613,-0.34649122807017546,0.043859649122807015,-0.43859649122807015,0.10964912280701754,-0.5526315789473685,0.039473684210526314,-0.3508771929824561,-0.0043859649122807015,-0.2631578947368421,0.16228070175438597,-0.3684210526315789,0.20614035087719298,-0.4605263157894737,0.14473684210526316,-0.3201754385964912,0.10087719298245613,-0.2543859649122807
3,0.0,0.0,-0.20772946859903382,-0.07729468599033816,-0.34299516908212563,-0.30434782608695654,-0.30434782608695654,-0.5265700483091788,-0.2222222222222222,-0.6666666666666666,-0.3140096618357488,-0.48792270531400966,-0.34299516908212563,-0.7246376811594203,-0.33816425120772947,-0.8647342995169082,-0.3188405797101449,-1.0,-0.17391304347826086,-0.46859903381642515,-0.10628019323671498,-0.6328502415458938,-0.12077294685990338,-0.42995169082125606,-0.15942028985507245,-0.3333333333333333,-0.043478260869565216,-0.43478260869565216,0.024154589371980676,-0.5603864734299517,-0.00966183574879227,-0.34782608695652173,-0.04830917874396135,-0.27053140096618356,0.07729468599033816,-0.3864734299516908,0.12560386473429952,-0.4782608695652174,0.09178743961352658,-0.3333333333333333,0.057971014492753624,-0.26570048309178745
3,0.0,0.0,-0.20918367346938777,-0.11224489795918367,-0.33163265306122447,-0.336734693877551,-0.29591836734693877,-0.5408163265306123,-0.20918367346938777,-0.6785714285714286,-0.3010204081632653,-0.5,-0.3163265306122449,-0.7346938775510204,-0.3010204081632653,-0.8724489795918368,-0.2755102040816326,-1.0,-0.15816326530612246,-0.4744897959183674,-0.09183673469387756,-0.6428571428571429,-0.12244897959183673,-0.45918367346938777,-0.15306122448979592,-0.3673469387755102,-0.030612244897959183,-0.4336734693877551,0.03571428571428571,-0.5510204081632653,-0.00510204081632653,-0.35714285714285715,-0.04081632653061224,-0.28061224489795916,0.09693877551020408,-0.37755102040816324,0.14285714285714285,-0.46938775510204084,0.10204081632653061,-0.34183673469387754,0.0663265306122449,-0.2755102040816326
3,0.0,0.0,-0.19387755102040816,-0.11734693877551021,-0.2857142857142857,-0.3469387755102041,-0.20918367346938777,-0.5510204081632653,-0.11734693877551021,-0.6785714285714286,-0.20918367346938777,-0.5204081632653061,-0.18877551020408162,-0.7448979591836735,-0.15816326530612246,-0.8724489795918368,-0.11734693877551021,-1.0,-0.07142857142857142,-0.4846938775510204,0.0,-0.6428571428571429,-0.05102040816326531,-0.4489795918367347,-0.09183673469387756,-0.34183673469387754,0.05102040816326531,-0.42857142857142855,0.12244897959183673,-0.5561224489795918,0.05102040816326531,-0.35714285714285715,0.00510204081632653,-0.2602040816326531,0.16326530612244897,-0.35714285714285715,0.2193877551020408,-0.45918367346938777,0.15306122448979592,-0.33163265306122447,0.10204081632653061,-0.25510204081632654
3,0.0,0.0,-0.19387755102040816,-0.11734693877551021,-0.3112244897959184,-0.33163265306122447,-0.28061224489795916,-0.5357142857142857,-0.1836734693877551,-0.6683673469387755,-0.27040816326530615,-0.5,-0.29081632653061223,-0.7346938775510204,-0.2755102040816326,-0.8724489795918368,-0.25,-1.0,-0.1377551020408163,-0.4846938775510204,-0.09183673469387756,-0.6326530612244898,-0.12755102040816327,-0.4897959183673469,-0.15306122448979592,-0.3877551020408163,-0.01020408163265306,-0.4387755102040816,0.025510204081632654,-0.5408163265306123,-0.025510204081632654,-0.3877551020408163,-0.04591836734693878,-0.3010204081632653,0.10714285714285714,-0.37244897959183676,0.12244897959183673,-0.44387755102040816,0.07653061224489796,-0.336734693877551,0.061224489795918366,-0.27040816326530615
3,0.0,0.0,-0.23863636363636365,-0.07386363636363637,-0.4090909090909091,-0.2840909090909091,-0.4147727272727273,-0.5,-0.3693181818181818,-0.6590909090909091,-0.4034090909090909,-0.4772727272727273,-0.48863636363636365,-0.7102272727272727,-0.5056818181818182,-0.8579545454545454,-0.5113636363636364,-1.0,-0.26136363636363635,-0.4772727272727273,-0.23863636363636365,-0.6647727272727273,-0.2215909090909091,-0.48295454545454547,-0.22727272727272727,-0.36363636363636365,-0.11931818181818182,-0.4602272727272727,-0.09090909090909091,-0.5852272727272727,-0.09090909090909091,-0.39204545454545453,-0.09659090909090909,-0.29545454545454547,0.022727272727272728,-0.4147727272727273,0.03977272727272727,-0.5170454545454546,0.022727272727272728,-0.3806818181818182,0.005681818181818182,-0.3068181818181818
3,0.0,0.0,-0.25609756097560976,-0.036585365853658534,-0.47560975609756095,-0.24390243902439024,-0.5182926829268293,-0.4878048780487805,-0.49390243902439024,-0.676829268292683,-0.5,-0.45121951219512196,-0.6341463414634146,-0.6951219512195121,-0.6890243902439024,-0.8536585365853658,-0.7317073170731707,-1.0,-0.3475609756097561,-0.4817073170731707,-0.36585365853658536,-0.676829268292683,-0.31097560975609756,-0.4695121951219512,-0.2804878048780488,-0.3353658536585366,-0.1951219512195122,-0.4878048780487805,-0.1951219512195122,-0.6219512195121951,-0.1524390243902439,-0.39634146341463417,-0.1402439024390244,-0.2865853658536585,-0.036585365853658534,-0.4573170731707317,-0.042682926829268296,-0.573170731707317,-0.03048780487804878,-0.40853658536585363,-0.03048780487804878,-0.3231707317073171
3,0.0,0.0,-0.2641509433962264,-0.018867924528301886,-0.5031446540880503,-0.2138364779874214,-0.5660377358490566,-0.4716981132075472,-0.5660377358490566,-0.6729559748427673,-0.5408805031446541,-0.44025157232704404,-0.7044025157232704,-0.6855345911949685,-0.7861635220125787,-0.8490566037735849,-0.8490566037735849,-1.0,-0.3836477987421384,-0.48427672955974843,-0.4276729559748428,-0.6918238993710691,-0.3522012578616352,-0.4716981132075472,-0.3081761006289308,-0.3270440251572327,-0.22012578616352202,-0.4968553459119497,-0.24528301886792453,-0.6477987421383647,-0.18867924528301888,-0.4025157232704403,-0.15723270440251572,-0.27672955974842767,-0.050314465408805034,-0.4779874213836478,-0.07547169811320754,-0.5974842767295597,-0.06289308176100629,-0.42138364779874216,-0.05660377358490566,-0.32075471698113206
3,0.0,0.0,-0.2529411764705882,-0.023529411764705882,-0.4470588235294118,-0.23529411764705882,-0.48823529411764705,-0.4764705882352941,-0.4764705882352941,-0.6588235294117647,-0.4235294117647059,-0.47058823529411764,-0.5294117647058824,-0.7058823529411765,-0.5705882352941176,-0.8588235294117647,-0.5941176470588235,-1.0,-0.27647058823529413,-0.48823529411764705,-0.32941176470588235,-0.6705882352941176,-0.29411764705882354,-0.4470588235294118,-0.2529411764705882,-0.31176470588235294,-0.12941176470588237,-0.4823529411764706,-0.17058823529411765,-0.611764705882353,-0.14705882352941177,-0.3764705882352941,-0.11176470588235295,-0.2529411764705882,0.023529411764705882,-0.4470588235294118,-0.023529411764705882,-0.5470588235294118,-0.03529411764705882,-0.38235294117647056,-0.023529411764705882,-0.28823529411764703
3,0.0,0.0,-0.22325581395348837,-0.05116279069767442,-0.35348837209302325,-0.27906976744186046,-0.34418604651162793,-0.49767441860465117,-0.3023255813953488,-0.6511627906976745,-0.2372093023255814,-0.5069767441860465,-0.2558139534883721,-0.7395348837209302,-0.2651162790697674,-0.8790697674418605,-0.25116279069767444,-1.0,-0.10697674418604651,-0.4883720930232558,-0.17674418604651163,-0.6232558139534884,-0.19534883720930232,-0.413953488372093,-0.15348837209302327,-0.30697674418604654,0.018604651162790697,-0.4511627906976744,-0.05581395348837209,-0.5674418604651162,-0.08837209302325581,-0.3488372093023256,-0.05581395348837209,-0.25116279069767444,0.14418604651162792,-0.3953488372093023,0.06511627906976744,-0.4883720930232558,0.013953488372093023,-0.33488372093023255,0.023255813953488372,-0.25116279069767444
3,0.0,0.0,-0.21621621621621623,-0.04954954954954955,-0.35135135135135137,-0.2747747747747748,-0.34684684684684686,-0.4954954954954955,-0.30180180180180183,-0.6396396396396397,-0.24774774774774774,-0.509009009009009,-0.2702702702702703,-0.7342342342342343,-0.2882882882882883,-0.8738738738738738,-0.28378378378378377,-1.0,-0.11711711711711711,-0.49099099099099097,-0.17567567567567569,-0.6216216216216216,-0.1981981981981982,-0.4099099099099099,-0.15765765765765766,-0.3153153153153153,0.009009009009009009,-0.44594594594594594,-0.05405405405405406,-0.5585585585585585,-0.09009009009009009,-0.34684684684684686,-0.05855855855855856,-0.25675675675675674,0.13963963963963963,-0.38288288288288286,0.06756756756756757,-0.4774774774774775,0.013513513513513514,-0.32432432432432434,0.02252252252252252,-0.24324324324324326
3,0.0,0.0,-0.22707423580786026,-0.034934497816593885,-0.37554585152838427,-0.24890829694323144,-0.3799126637554585,-0.47161572052401746,-0.33624454148471616,-0.6157205240174672,-0.28820960698689957,-0.4890829694323144,-0.33624454148471616,-0.7292576419213974,-0.3537117903930131,-0.868995633187773,-0.3624454148471616,-1.0,-0.1572052401746725,-0.4847161572052402,-0.2052401746724891,-0.6244541484716157,-0.2052401746724891,-0.4148471615720524,-0.17467248908296942,-0.30131004366812225,-0.026200873362445413,-0.45414847161572053,-0.07423580786026202,-0.5589519650655022,-0.09170305676855896,-0.34497816593886466,-0.0611353711790393,-0.24017467248908297,0.1091703056768559,-0.4017467248908297,0.056768558951965066,-0.4890829694323144,0.017467248908296942,-0.3406113537117904,0.026200873362445413,-0.25327510917030566
3,0.0,0.0,-0.2146118721461187,-0.0547945205479452,-0.3789954337899543,-0.2648401826484018,-0.3835616438356164,-0.4931506849315068,-0.3470319634703196,-0.6529680365296804,-0.365296803652968,-0.4794520547945205,-0.4246575342465753,-0.7123287671232876,-0.4383561643835616,-0.863013698630137,-0.4383561643835616,-1.0,-0.2237442922374429,-0.4840182648401826,-0.2146118721461187,-0.639269406392694,-0.2054794520547945,-0.4383561643835616,-0.2009132420091324,-0.3287671232876712,-0.0867579908675799,-0.4611872146118721,-0.0730593607305936,-0.5662100456621004,-0.0776255707762557,-0.3515981735159817,-0.0821917808219178,-0.2648401826484018,0.0547945205479452,-0.4200913242009132,0.045662100456621,-0.4931506849315068,0.0319634703196347,-0.3424657534246575,0.0273972602739726,-0.2785388127853881
3,0.0,0.0,-0.205607476635514,-0.07009345794392523,-0.32242990654205606,-0.29906542056074764,-0.29439252336448596,-0.5186915887850467,-0.22897196261682243,-0.6635514018691588,-0.2803738317757009,-0.5,-0.29439252336448596,-0.7289719626168224,-0.2803738317757009,-0.8644859813084113,-0.2523364485981308,-1.0,-0.14485981308411214,-0.4766355140186916,-0.10747663551401869,-0.6401869158878505,-0.1308411214953271,-0.4392523364485981,-0.14953271028037382,-0.3317757009345794,-0.018691588785046728,-0.4392523364485981,0.018691588785046728,-0.5560747663551402,-0.018691588785046728,-0.34579439252336447,-0.04205607476635514,-0.2570093457943925,0.102803738317757,-0.37850467289719625,0.1261682242990654,-0.4672897196261682,0.08411214953271028,-0.32710280373831774,0.056074766355140186,-0.2570093457943925
3,0.0,0.0,-0.20512820512820512,-0.09743589743589744,-0.2923076923076923,-0.35384615384615387,-0.2,-0.5692307692307692,-0.08717948717948718,-0.6820512820512821,-0.18974358974358974,-0.5333333333333333,-0.14871794871794872,-0.7589743589743589,-0.09743589743589744,-0.882051282051282,-0.046153846153846156,-1.0,-0.05641025641025641,-0.48717948717948717,0.005128205128205128,-0.6410256410256411,-0.05128205128205128,-0.4512820512820513,-0.09230769230769231,-0.3384615384615385,0.06153846153846154,-0.4256410256410256,0.11282051282051282,-0.5435897435897435,0.035897435897435895,-0.3435897435897436,0.0,-0.2358974358974359,0.17435897435897435,-0.3487179487179487,0.2153846153846154,-0.4358974358974359,0.14358974358974358,-0.30256410256410254,0.10256410256410256,-0.22564102564102564
4,0.0,0.0,-0.2088888888888889,0.09777777777777778,-0.30666666666666664,0.3244444444444444,-0.28444444444444444,0.5422222222222223,-0.24,0.6977777777777778,-0.3111111111111111,0.3422222222222222,-0.3377777777777778,0.6711111111111111,-0.3511111111111111,0.8488888888888889,-0.35555555555555557,1.0,-0.14666666666666667,0.37333333333333335,-0.18666666666666668,0.64,-0.19555555555555557,0.5688888888888889,-0.18666666666666668,0.4666666666666667,0.0,0.39111111111111113,-0.06666666666666667,0.6088888888888889,-0.07555555555555556,0.5155555555555555,-0.05333333333333334,0.43555555555555553,0.11555555555555555,0.4,0.04,0.56,0.03111111111111111,0.48,0.05333333333333334,0.41333333333333333
4,0.0,0.0,-0.20588235294117646,0.10504201680672269,-0.29831932773109243,0.3277310924369748,-0.27310924369747897,0.5294117647058824,-0.23109243697478993,0.6764705882352942,-0.31512605042016806,0.36134453781512604,-0.3487394957983193,0.680672268907563,-0.35714285714285715,0.8571428571428571,-0.35294117647058826,1.0,-0.15546218487394958,0.3865546218487395,-0.18907563025210083,0.6386554621848739,-0.19747899159663865,0.5630252100840336,-0.18907563025210083,0.4579831932773109,-0.012605042016806723,0.3949579831932773,-0.06302521008403361,0.592436974789916,-0.06722689075630252,0.5084033613445378,-0.05042016806722689,0.4327731092436975,0.1092436974789916,0.39915966386554624,0.046218487394957986,0.5378151260504201,0.037815126050420166,0.46218487394957986,0.058823529411764705,0.40336134453781514
4,0.0,0.0,-0.2372093023255814,0.07906976744186046,-0.4046511627906977,0.2744186046511628,-0.4418604651162791,0.5069767441860465,-0.4418604651162791,0.7116279069767442,-0.5581395348837209,0.27906976744186046,-0.6837209302325581,0.6093023255813953,-0.7488372093023256,0.813953488372093,-0.7953488372093023,1.0,-0.40930232558139534,0.30697674418604654,-0.3581395348837209,0.6186046511627907,-0.2930232558139535,0.5255813953488372,-0.2930232558139535,0.413953488372093,-0.2372093023255814,0.34418604651162793,-0.21395348837209302,0.6,-0.17209302325581396,0.49767441860465117,-0.17209302325581396,0.3953488372093023,-0.07441860465116279,0.3813953488372093,-0.08837209302325581,0.5534883720930233,-0.05581395348837209,0.4697674418604651,-0.046511627906976744,0.3953488372093023
4,0.0,0.0,-0.19572953736654805,0.12811387900355872,-0.2526690391459075,0.33807829181494664,-0.21708185053380782,0.5160142348754448,-0.15302491103202848,0.6298932384341637,-0.2526690391459075,0.41637010676156583,-0.23487544483985764,0.7117437722419929,-0.21708185053380782,0.8683274021352313,-0.18861209964412812,1.0,-0.09608540925266904,0.43416370106761565,-0.11387900355871886,0.6334519572953736,-0.1494661921708185,0.5693950177935944,-0.16725978647686832,0.4804270462633452,0.02491103202846975,0.4234875444839858,-0.03202846975088968,0.5444839857651246,-0.060498220640569395,0.47330960854092524,-0.060498220640569395,0.40213523131672596,0.11743772241992882,0.40569395017793597,0.03914590747330961,0.45195729537366547,0.017793594306049824,0.3914590747330961,0.021352313167259787,0.33807829181494664
4,0.0,0.0,-0.19083969465648856,0.15648854961832062,-0.2366412213740458,0.38549618320610685,-0.17557251908396945,0.5534351145038168,-0.08778625954198473,0.6259541984732825,-0.09541984732824428,0.4198473282442748,-0.04961832061068702,0.7213740458015268,-0.019083969465648856,0.8778625954198473,0.019083969465648856,1.0,0.05725190839694656,0.4122137404580153,-0.007633587786259542,0.6259541984732825,-0.07251908396946564,0.6030534351145038,-0.09541984732824428,0.5419847328244275,0.15648854961832062,0.40076335877862596,0.05343511450381679,0.5648854961832062,-0.007633587786259542,0.5229007633587787,-0.015267175572519083,0.4618320610687023,0.21755725190839695,0.3931297709923664,0.0916030534351145,0.5,0.04198473282442748,0.4618320610687023,0.04198473282442748,0.41603053435114506
4,0.0,0.0,-0.19391634980988592,0.1444866920152091,-0.24334600760456274,0.3650190114068441,-0.17110266159695817,0.5361216730038023,-0.07604562737642585,0.6045627376425855,-0.011406844106463879,0.39923954372623577,0.015209125475285171,0.7110266159695817,0.034220532319391636,0.8745247148288974,0.06844106463878327,1.0,0.13688212927756654,0.3916349809885932,0.011406844106463879,0.596958174904943,-0.06463878326996197,0.5399239543726235,-0.07224334600760456,0.4524714828897338,0.21292775665399238,0.3840304182509506,0.06844106463878327,0.5437262357414449,0.0038022813688212928,0.4828897338403042,0.0,0.41064638783269963,0.2509505703422053,0.376425855513308,0.10646387832699619,0.49049429657794674,0.049429657794676805,0.4448669201520912,0.049429657794676805,0.38783269961977185
4,0.0,0.0,-0.21585903083700442,0.1277533039647577,-0.28634361233480177,0.36123348017621143,-0.2422907488986784,0.5462555066079295,-0.15859030837004406,0.6431718061674009,-0.07048458149779736,0.3303964757709251,-0.05726872246696035,0.6696035242290749,-0.05286343612334802,0.8546255506607929,-0.030837004405286344,1.0,0.09251101321585903,0.34801762114537443,-0.02643171806167401,0.6475770925110133,-0.11013215859030837,0.5947136563876652,-0.13215859030837004,0.4977973568281938,0.1894273127753304,0.3700440528634361,0.030837004405286344,0.6079295154185022,-0.04405286343612335,0.5506607929515418,-0.048458149779735685,0.4669603524229075,0.23788546255506607,0.3920704845814978,0.07488986784140969,0.5462555066079295,0.00881057268722467,0.5066079295154186,0.013215859030837005,0.44933920704845814
4,0.0,0.0,-0.19831223628691982,0.08438818565400844,-0.29957805907172996,0.31223628691983124,-0.27848101265822783,0.5316455696202531,-0.22362869198312235,0.70042194092827,-0.32489451476793246,0.3333333333333333,-0.3755274261603376,0.6582278481012658,-0.3924050632911392,0.8438818565400844,-0.3924050632911392,1.0,-0.16033755274261605,0.35864978902953587,-0.18143459915611815,0.620253164556962,-0.17721518987341772,0.5443037974683544,-0.16877637130801687,0.4430379746835443,-0.012658227848101266,0.37130801687763715,-0.05907172995780591,0.5949367088607594,-0.06329113924050633,0.5021097046413502,-0.05063291139240506,0.4219409282700422,0.11392405063291139,0.3755274261603376,0.0379746835443038,0.540084388185654,0.029535864978902954,0.459915611814346,0.05485232067510549,0.39662447257383965
4,0.0,0.0,-0.2033195020746888,0.08298755186721991,-0.3070539419087137,0.3153526970954357,-0.27800829875518673,0.5394190871369294,-0.1991701244813278,0.6929460580912863,-0.34024896265560167,0.29045643153526973,-0.38589211618257263,0.6431535269709544,-0.3983402489626556,0.8381742738589212,-0.3941908713692946,1.0,-0.17427385892116182,0.3029045643153527,-0.17012448132780084,0.6265560165975104,-0.16182572614107885,0.5518672199170125,-0.15767634854771784,0.44398340248962653,-0.012448132780082987,0.3236514522821577,-0.04979253112033195,0.6016597510373444,-0.05394190871369295,0.5062240663900415,-0.04979253112033195,0.4107883817427386,0.12033195020746888,0.3360995850622407,0.05394190871369295,0.5518672199170125,0.04564315352697095,0.47717842323651455,0.06224066390041494,0.4024896265560166
4,0.0,0.0,-0.18972332015810275,0.09486166007905138,-0.30434782608695654,0.3201581027667984,-0.28063241106719367,0.541501976284585,-0.19367588932806323,0.6996047430830039,-0.3675889328063241,0.30039525691699603,-0.4031620553359684,0.6442687747035574,-0.41106719367588934,0.8379446640316206,-0.4031620553359684,1.0,-0.20553359683794467,0.30039525691699603,-0.16205533596837945,0.616600790513834,-0.15019762845849802,0.5335968379446641,-0.16205533596837945,0.4308300395256917,-0.043478260869565216,0.308300395256917,-0.039525691699604744,0.5928853754940712,-0.043478260869565216,0.49407114624505927,-0.05138339920948617,0.3952569169960474,0.10276679841897234,0.3201581027667984,0.05533596837944664,0.541501976284585,0.05138339920948617,0.466403162055336,0.06324110671936758,0.38735177865612647
4,0.0,0.0,-0.1879432624113475,0.10283687943262411,-0.3120567375886525,0.3262411347517731,-0.2730496453900709,0.5531914893617021,-0.1950354609929078,0.7163120567375887,-0.42907801418439717,0.3049645390070922,-0.4645390070921986,0.6418439716312057,-0.475177304964539,0.8404255319148937,-0.4787234042553192,1.0,-0.2765957446808511,0.2978723404255319,-0.1950354609929078,0.6347517730496454,-0.15602836879432624,0.549645390070922,-0.18085106382978725,0.4432624113475177,-0.1099290780141844,0.30141843971631205,-0.06382978723404255,0.599290780141844,-0.04609929078014184,0.5070921985815603,-0.0673758865248227,0.40070921985815605,0.0425531914893617,0.31560283687943264,0.03900709219858156,0.5354609929078015,0.04964539007092199,0.46099290780141844,0.04609929078014184,0.375886524822695
4,0.0,0.0,-0.19298245614035087,0.11842105263157894,-0.2982456140350877,0.34649122807017546,-0.27631578947368424,0.5614035087719298,-0.20175438596491227,0.7192982456140351,-0.39035087719298245,0.34210526315789475,-0.4298245614035088,0.6578947368421053,-0.4342105263157895,0.8464912280701754,-0.4342105263157895,1.0,-0.25,0.32894736842105265,-0.17543859649122806,0.6228070175438597,-0.14912280701754385,0.5614035087719298,-0.17543859649122806,0.47368421052631576,-0.09649122807017543,0.3201754385964912,-0.05701754385964912,0.5833333333333334,-0.043859649122807015,0.5043859649122807,-0.05701754385964912,0.41228070175438597,0.05263157894736842,0.3157894736842105,0.039473684210526314,0.5131578947368421,0.039473684210526314,0.4473684210526316,0.039473684210526314,0.3684210526315789
4,0.0,0.0,-0.2088607594936709,0.11392405063291139,-0.310126582278481,0.36075949367088606,-0.2721518987341772,0.6012658227848101,-0.18354430379746836,0.7658227848101266,-0.3291139240506329,0.3037974683544304,-0.34810126582278483,0.6455696202531646,-0.34177215189873417,0.8417721518987342,-0.3227848101265823,1.0,-0.15822784810126583,0.3037974683544304,-0.17088607594936708,0.6455696202531646,-0.17721518987341772,0.5886075949367089,-0.17088607594936708,0.4873417721518987,0.006329113924050633,0.31645569620253167,-0.0379746835443038,0.620253164556962,-0.056962025316455694,0.5316455696202531,-0.05063291139240506,0.4240506329113924,0.13924050632911392,0.3291139240506329,0.06962025316455696,0.569620253164557,0.04430379746835443,0.5,0.056962025316455694,0.41139240506329117
4,0.0,0.0,-0.25609756097560976,0.07317073170731707,-0.4329268292682927,0.2926829268292683,-0.45121951219512196,0.5670731707317073,-0.4451219512195122,0.7682926829268293,-0.6524390243902439,0.2682926829268293,-0.7439024390243902,0.6219512195121951,-0.7926829268292683,0.8292682926829268,-0.8353658536585366,1.0,-0.5,0.2865853658536585,-0.40853658536585363,0.6829268292682927,-0.3353658536585366,0.5792682926829268,-0.34146341463414637,0.45121951219512196,-0.3231707317073171,0.31097560975609756,-0.23780487804878048,0.6585365853658537,-0.18292682926829268,0.5548780487804879,-0.2073170731707317,0.45121951219512196,-0.1402439024390244,0.3475609756097561,-0.09146341463414634,0.6036585365853658,-0.054878048780487805,0.524390243902439,-0.06707317073170732,0.43902439024390244
4,0.0,0.0,-0.18888888888888888,0.11666666666666667,-0.32222222222222224,0.3611111111111111,-0.3055555555555556,0.6,-0.2222222222222222,0.7555555555555555,-0.4166666666666667,0.3333333333333333,-0.4444444444444444,0.65,-0.4388888888888889,0.8444444444444444,-0.42777777777777776,1.0,-0.2611111111111111,0.3277777777777778,-0.18888888888888888,0.6888888888888889,-0.16111111111111112,0.6222222222222222,-0.17777777777777778,0.5111111111111111,-0.10555555555555556,0.32222222222222224,-0.05,0.6277777777777778,-0.03888888888888889,0.5444444444444444,-0.05555555555555555,0.45,0.05,0.3277777777777778,0.05,0.5722222222222222,0.05555555555555555,0.49444444444444446,0.05555555555555555,0.40555555555555556
4,0.0,0.0,-0.20652173913043478,0.125,-0.29347826086956524,0.3804347826086957,-0.24456521739130435,0.6086956521739131,-0.16304347826086957,0.7608695652173914,-0.30434782608695654,0.34782608695652173,-0.31521739130434784,0.6630434782608695,-0.30434782608695654,0.8478260869565217,-0.2826086956521739,1.0,-0.125,0.3532608695652174,-0.14673913043478262,0.6847826086956522,-0.16847826086956522,0.6086956521739131,-0.16847826086956522,0.4891304347826087,0.02717391304347826,0.358695652173913,-0.021739130434782608,0.6358695652173914,-0.043478260869565216,0.5489130434782609,-0.03260869565217391,0.45108695652173914,0.15217391304347827,0.3695652173913043,0.07608695652173914,0.5869565217391305,0.04891304347826087,0.5054347826086957,0.06521739130434782,0.42934782608695654
4,0.0,0.0,-0.22043010752688172,0.13978494623655913,-0.2903225806451613,0.41935483870967744,-0.1881720430107527,0.6075268817204301,-0.06451612903225806,0.6827956989247311,-0.12365591397849462,0.3333333333333333,-0.05913978494623656,0.6505376344086021,-0.010752688172043012,0.8494623655913979,0.043010752688172046,1.0,0.06989247311827956,0.3225806451612903,0.026881720430107527,0.6559139784946236,-0.06451612903225806,0.6129032258064516,-0.0967741935483871,0.5053763440860215,0.20430107526881722,0.3225806451612903,0.11827956989247312,0.6236559139784946,0.026881720430107527,0.5698924731182796,0.010752688172043012,0.4731182795698925,0.27956989247311825,0.3279569892473118,0.17204301075268819,0.5591397849462365,0.0913978494623656,0.5161290322580645,0.08602150537634409,0.44086021505376344
4,0.0,0.0,-0.234375,0.13020833333333334,-0.2864583333333333,0.390625,-0.20833333333333334,0.5885416666666666,-0.08854166666666667,0.6458333333333334,-0.06770833333333333,0.3072916666666667,-0.015625,0.65625,0.010416666666666666,0.8489583333333334,0.046875,1.0,0.11458333333333333,0.296875,0.041666666666666664,0.6302083333333334,-0.046875,0.5885416666666666,-0.078125,0.484375,0.23958333333333334,0.3125,0.11979166666666667,0.5885416666666666,0.036458333333333336,0.5364583333333334,0.026041666666666668,0.4427083333333333,0.3125,0.3385416666666667,0.16666666666666666,0.5364583333333334,0.10416666666666667,0.4895833333333333,0.09895833333333333,0.421875
4,0.0,0.0,-0.23076923076923078,0.11538461538461539,-0.32211538461538464,0.3557692307692308,-0.25961538461538464,0.5480769230769231,-0.15384615384615385,0.6298076923076923,-0.1346153846153846,0.3269230769230769,-0.12980769230769232,0.6634615384615384,-0.125,0.8509615384615384,-0.10576923076923077,1.0,0.052884615384615384,0.33653846153846156,-0.038461538461538464,0.6490384615384616,-0.1201923076923077,0.5913461538461539,-0.1346153846153846,0.47596153846153844,0.1778846153846154,0.35096153846153844,0.04326923076923077,0.5913461538461539,-0.028846153846153848,0.5192307692307693,-0.028846153846153848,0.42788461538461536,0.25961538461538464,0.36538461538461536,0.11057692307692307,0.5192307692307693,0.057692307692307696,0.4567307692307692,0.07692307692307693,0.3894230769230769
4,0.0,0.0,-0.2336448598130841,0.10747663551401869,-0.3317757009345794,0.35514018691588783,-0.2757009345794392,0.5560747663551402,-0.19158878504672897,0.6682242990654206,-0.1822429906542056,0.3364485981308411,-0.17757009345794392,0.6635514018691588,-0.18691588785046728,0.8551401869158879,-0.17289719626168223,1.0,0.004672897196261682,0.35046728971962615,-0.0794392523364486,0.6588785046728972,-0.16355140186915887,0.6121495327102804,-0.17757009345794392,0.5,0.1308411214953271,0.3644859813084112,0.009345794392523364,0.602803738317757,-0.06542056074766354,0.5373831775700935,-0.06074766355140187,0.4532710280373832,0.21495327102803738,0.37850467289719625,0.07476635514018691,0.5327102803738317,0.018691588785046728,0.4719626168224299,0.037383177570093455,0.40186915887850466
4,0.0,0.0,-0.215962441314554,0.08450704225352113,-0.3615023474178404,0.30985915492957744,-0.38028169014084506,0.5352112676056338,-0.3380281690140845,0.7089201877934272,-0.40375586854460094,0.30985915492957744,-0.47417840375586856,0.647887323943662,-0.5070422535211268,0.8450704225352113,-0.5211267605633803,1.0,-0.22535211267605634,0.352112676056338,-0.29107981220657275,0.7183098591549296,-0.29577464788732394,0.6431924882629108,-0.27699530516431925,0.5164319248826291,-0.06572769953051644,0.38028169014084506,-0.14084507042253522,0.6431924882629108,-0.14553990610328638,0.5492957746478874,-0.1267605633802817,0.45539906103286387,0.06572769953051644,0.40375586854460094,-0.03755868544600939,0.5915492957746479,-0.046948356807511735,0.5070422535211268,-0.023474178403755867,0.43661971830985913
4,0.0,0.0,-0.22596153846153846,0.0673076923076923,-0.40384615384615385,0.28365384615384615,-0.4375,0.5288461538461539,-0.40865384615384615,0.7115384615384616,-0.5192307692307693,0.28365384615384615,-0.6057692307692307,0.6201923076923077,-0.6538461538461539,0.8269230769230769,-0.6875,1.0,-0.3605769230769231,0.3269230769230769,-0.34615384615384615,0.6682692307692307,-0.30288461538461536,0.5769230769230769,-0.2980769230769231,0.4519230769230769,-0.19230769230769232,0.36538461538461536,-0.1971153846153846,0.6346153846153846,-0.15865384615384615,0.5384615384615384,-0.14903846153846154,0.4375,-0.02403846153846154,0.3894230769230769,-0.0673076923076923,0.5817307692307693,-0.038461538461538464,0.5,-0.019230769230769232,0.4230769230769231
4,0.0,0.0,-0.22972972972972974,0.04954954954954955,-0.4144144144144144,0.25675675675675674,-0.4594594594594595,0.5135135135135135,-0.45045045045045046,0.7117117117117117,-0.5855855855855856,0.27927927927927926,-0.6801801801801802,0.6216216216216216,-0.7342342342342343,0.8243243243243243,-0.7747747747747747,1.0,-0.43243243243243246,0.3108108108108108,-0.3738738738738739,0.6621621621621622,-0.31981981981981983,0.5675675675675675,-0.31981981981981983,0.44594594594594594,-0.25675675675675674,0.34234234234234234,-0.22972972972972974,0.6351351351351351,-0.18468468468468469,0.5315315315315315,-0.18468468468468469,0.42342342342342343,-0.08558558558558559,0.36936936936936937,-0.0990990990990991,0.5675675675675675,-0.06306306306306306,0.4864864864864865,-0.05405405405405406,0.40540540540540543
4,0.0,0.0,-0.2300469483568075,0.07981220657276995,-0.39436619718309857,0.29107981220657275,-0.43661971830985913,0.5352112676056338,-0.431924882629108,0.7276995305164319,-0.5868544600938967,0.27699530516431925,-0.6572769953051644,0.6103286384976526,-0.6995305164319249,0.8215962441314554,-0.7323943661971831,1.0,-0.4413145539906103,0.3004694835680751,-0.36619718309859156,0.6713615023474179,-0.30985915492957744,0.5821596244131455,-0.323943661971831,0.4647887323943662,-0.2676056338028169,0.323943661971831,-0.20187793427230047,0.6431924882629108,-0.16901408450704225,0.5446009389671361,-0.18309859154929578,0.43661971830985913,-0.0892018779342723,0.3568075117370892,-0.07511737089201878,0.5868544600938967,-0.04225352112676056,0.5070422535211268,-0.046948356807511735,0.41784037558685444
4,0.0,0.0,-0.2079207920792079,0.13366336633663367,-0.2871287128712871,0.41089108910891087,-0.19801980198019803,0.6188118811881188,-0.0594059405940594,0.7029702970297029,-0.19306930693069307,0.33663366336633666,-0.13861386138613863,0.6683168316831684,-0.10891089108910891,0.8514851485148515,-0.06930693069306931,1.0,0.0049504950495049506,0.3217821782178218,-0.0049504950495049506,0.6534653465346535,-0.09405940594059406,0.6039603960396039,-0.12871287128712872,0.49504950495049505,0.15346534653465346,0.3118811881188119,0.0891089108910891,0.6188118811881188,0.009900990099009901,0.5396039603960396,0.0,0.4504950495049505,0.2524752475247525,0.31683168316831684,0.15841584158415842,0.5346534653465347,0.09405940594059406,0.47029702970297027,0.09900990099009901,0.400990099009901
